Stations,1KA102,1KA104,1KA112,1KA107,1KA113,1KA100,1KA103,1KA108,1KA111,1KA106,1KA115,1KA110,1KA109,1KA114,1KA105,9535005,9535006,9536004,9536017,9635012,9636013,9636020,9637045,9637047,9637048,9637052,9637043,9737024,9737026,9738016,9639030,9635002,9637033,9735014,9638028,9737030,9637002,9839005,9836002,9637077,9539016
LON,34.3833,35.6994,36,34.8186,34.7661,35.8986,34.57755556,35.280735,34.9,34.16667,35.6896,34.01667,33.9719,35.95,35.73,35.92,35.75,36.13,36.0849,35.7532,36.327,36,37.63,37.57,37.63,37.6604,37.65,37.6881873,37.8,38.11447,39.2,35.766667,37.033333,35.766667,38.966667,37,37,39.516667,36.716667,37.65,39.066667
MONTHLY/LAT,-8.7667,-7.7725,-7.1,-8.1994,-9.3453,-8.11,-8.896611111,-8.310224,-7.75,-8.83333,-8.23047,-8.93333,-8.9436,-6.66667,-7.17,-5.88,-5.88,-5.78,-5.716,-6.18782,-6.21775,-5.59,-6.95,-6.98,-6.92,-6.18755,-6.133333,-7.0727211,-7.02,-7.27967,-6.866667,-6.166667,-6.166667,-7.633333,-6.833333,-7.666667,-6.833333,-8.916667,-8.683333,-6.833333,-5.083333
198101,133.3,164.3,121.9,-99,-99,-99,-99,-99,26.2,100.8,-99,174,-99,-99,-99,-99,-99,40,11.1,49.5,28,-99,113.9,77.5,74.6,26.8,102.5,345.2,187,125.8,40.5,26.4,89.5,128.3,73.6,209.9,40.8,151.6,245.1,42.8,39.2
198102,106,75.1,159.1,-99,-99,-99,-99,-99,-99,145,-99,217,-99,-99,-99,-99,-99,93.8,109.5,135.9,104.7,-99,82.5,98.5,91.2,66.8,97.5,331.3,123.2,124.7,8.3,108.7,199.6,85.8,27.3,145.2,85.9,17.2,324,39.7,0.4
198103,209.1,145,59.3,-99,-99,-99,-99,-99,-99,207,-99,270,-99,-99,-99,-99,-99,155,123.4,128.4,124.2,-99,298.8,157,263.3,172.4,230,255.2,146.6,280.5,188.2,144.3,131.7,123.5,144.2,222.7,174.3,203.1,307.3,187.7,335.6
198104,81.8,164.3,82.4,-99,-99,-99,-99,-99,102.3,50.6,-99,181,-99,-99,-99,-99,-99,136.7,76.4,57.7,76.6,-99,404.9,281.6,187.9,256.1,255.5,422.2,428.2,202.2,171.3,43.5,171.6,141.8,160,366,350.3,56.4,278.7,222.7,119.6
198105,24.1,32.7,0,-99,-99,-99,-99,-99,4.7,30.8,-99,8,-99,-99,-99,-99,-99,0,0.8,1.8,0.4,-99,422.9,239.1,56.3,95.7,95.7,204.7,105.3,88.8,191,4.3,217.6,6.5,116.7,129.1,101.4,44.5,196.3,130.9,245.9
198106,0,-99,0,-99,-99,-99,-99,-99,0,0,-99,0,-99,-99,-99,-99,-99,0,4.4,0,0,-99,39,29,0,14.9,23.5,26.5,101.3,22.5,18.7,0,18.4,0,29.5,54.5,35.9,29.7,33.3,16.7,43.3
198107,0,-99,0,-99,-99,-99,-99,-99,0,0,-99,0,-99,-99,-99,-99,-99,0,0,0,0,-99,40.5,8.5,0,19.7,0,20.8,31.5,5.5,2.8,0,14.3,0,2.7,0,10.8,2.2,0,12.3,36.8
198108,0,-99,0,-99,-99,-99,-99,-99,0,0,-99,0,-99,-99,-99,-99,-99,0,0,0,0,-99,127.5,15.9,0,7.5,9,168.2,60.9,35.8,56.1,0,6.6,0,51.3,3,2.9,22.7,15.4,-99,83.7
198109,0,-99,0,2.3,-99,-99,-99,-99,0,0,-99,0,-99,-99,-99,-99,-99,0,0,0,0,-99,67,23,0,8.6,31.5,113.4,47.3,6,23,0.2,12,0,17.4,2,37.3,15.5,3.5,10.6,67.4
198110,0,-99,0,4.9,-99,-99,-99,-99,4.9,0,-99,71,-99,-99,-99,-99,-99,0,0,0,3.9,-99,225.3,76.6,44.2,21.2,32,202.8,89.2,47.4,75.1,0,26.7,0,88.4,47.7,3,16.1,51.3,37.5,174.8
198111,49.3,-99,48.5,62.4,-99,-99,-99,-99,68.4,37.7,-99,112,-99,-99,-99,-99,-99,6.5,0,12.8,9.5,-99,76,28.4,56.3,25.5,5.5,146.1,45.9,1,54.4,3.2,49.1,24.3,59.6,15.1,48.5,21.4,4.1,51.3,24.8
198112,86.6,-99,220.1,147.5,-99,-99,-99,-99,66.8,105.1,-99,174.5,-99,-99,-99,-99,-99,64.2,87.4,53.9,161.6,-99,528.4,164.4,36,112.6,402.7,579.1,249,52.1,219.2,81.3,361.4,62.7,157.2,208.2,341.7,327.9,529.8,95.8,167.5
198201,157.3,133.5,121.7,51.7,-99,-99,-99,-99,97.5,178.2,-99,209,-99,-99,-99,-99,-99,28.7,112.4,107.1,56.6,-99,71,29,24,15.1,55.5,91.8,13.5,33.1,13.8,109,96.5,89.6,6.3,102.7,69,58.7,86.5,40,4.9
198202,51.7,108,158.2,124.6,-99,-99,-99,-99,68.7,90.1,-99,169.1,-99,-99,-99,-99,-99,86.6,50.7,71.8,75,-99,41,32.9,0,20.3,115.5,37.5,39,0,1.7,55.4,73.5,119.7,3.6,42.5,53,56.5,138.5,4.4,0.2
198203,123.5,69,59,38.7,-99,-99,-99,-99,66.5,212.8,-99,-99,-99,-99,-99,-99,-99,86.9,52.1,69.2,103.9,-99,128,123.1,40.5,83.5,127,315.6,189.3,50.5,58.9,34.2,86,101.8,123.6,243.6,135.5,207.1,433.5,66.1,133
198204,87.8,96.6,82,112.5,-99,-99,-99,-99,86.2,37.3,-99,80.9,-99,-99,-99,-99,-99,69.4,57.4,95.4,46.6,-99,420.3,257.7,168.2,139.9,177.5,-99,274.5,74.5,198.9,103.1,262.3,84.4,191.5,308.6,201.4,176.5,237.6,97.2,232.4
198205,0,11.9,0,11.1,-99,-99,-99,-99,19.8,4,-99,13.4,-99,-99,-99,-99,-99,7.8,11.2,0,6.3,-99,402.9,72.4,120.8,67.8,165,198.1,106.6,17.7,237.4,0,91.5,14.4,148.7,152.6,79,109.7,244.1,68.4,433.7
198206,0,0,0,0,-99,-99,-99,-99,0,0,-99,0,-99,-99,-99,-99,-99,0,0,0,0,-99,162.4,55,48,34.8,18,51.8,44.9,0,138.9,0,12.7,0.5,91.9,65.1,23.6,20.1,20.5,39.3,157.7
198207,0,0,0,0,-99,-99,-99,-99,0,0,-99,0,-99,-99,-99,-99,-99,0,0,0,0,-99,238.5,61.8,48,64.3,59,237.1,74,0,50.3,0,15,0,20.5,44.9,30.1,6,38.9,61.1,141.7
198208,0,0,0,0,-99,-99,-99,-99,0,0,-99,0,-99,-99,-99,-99,-99,0,0,0,0,-99,100.8,10.5,0,0,21,72.8,20.7,5.2,20,0,14.4,0,15.6,5.6,11.5,7.6,10.3,11.5,62.1
198209,0,0,0,0,-99,-99,-99,-99,0,0,-99,0,-99,-99,-99,-99,-99,0,0,0,0,-99,183.5,27.8,12,15.1,33.5,198.6,85.9,-99,18.5,0,45,0,44.3,65,34.2,15.3,13.1,12.9,138.9
198210,6.5,3.1,0,36.6,-99,-99,-99,-99,14.4,2.7,-99,31,-99,-99,-99,-99,-99,38.8,17.8,3.3,12.4,-99,-99,198.5,225,76.6,317.5,618.2,385.6,-99,181.2,6.5,276.4,0.6,291,239.8,187.8,68.2,336.4,105,303.3
198211,81.9,108.4,48.5,108.7,-99,-99,-99,-99,122.7,75.1,-99,144,-99,-99,-99,-99,-99,82,178.3,96.1,90.3,-99,378.8,272.5,140.2,132.7,150,233.1,129.2,-99,264.1,66.2,195.1,64.7,196.4,225.5,203.2,80.8,215.9,110,207
198212,298.4,182.2,190.7,169.7,-99,-99,-99,-99,101.6,161.4,-99,288.6,-99,-99,-99,-99,-99,158.4,164.1,200.7,182.6,-99,348.9,198.8,144,256.5,120,507.8,471.6,68.1,238.3,216.5,433.7,256.6,147.2,352.9,236.9,176.2,585.5,262.4,19.1
198301,144.6,126.6,145.4,147.2,-99,-99,-99,-99,87.4,254,-99,261.8,-99,-99,-99,-99,-99,42.2,96.4,95,39.4,-99,187,89.3,59.2,60.3,72.2,162.6,-99,84,37.2,113.5,116.4,102,11.7,131.5,38.3,116.1,486.2,14.4,19.8
198302,90.1,110.5,40.5,70.6,-99,-99,-99,-99,45.2,58.1,-99,121,-99,-99,-99,-99,-99,46.8,78.2,109.5,118.9,-99,50.5,34,0,54,60.5,164.7,-99,10.5,61.9,68,97.4,107.6,13.9,85.1,155.5,101.3,255,57,7.3
198303,159.8,139.2,68.9,202,-99,-99,-99,-99,151.6,85,-99,193,-99,-99,-99,-99,-99,61.3,62.6,84.7,78,-99,265.2,118,144.8,118.1,215,358.1,20,74.3,78,122.8,340.6,119.1,170.7,303.1,358.8,126.8,331.6,106.5,53.8
198304,11.7,34.3,1.5,75.2,-99,-99,-99,-99,25.3,11.5,-99,72.5,-99,-99,-99,-99,-99,30.7,26.5,0,23.7,-99,392.3,171.3,185.8,98,186.5,246.7,311.6,221.9,224,4.4,103.2,38.2,225.8,179.3,95.1,208.1,421,113.8,154.9
198305,3.5,19.8,1.5,1.7,-99,-99,-99,-99,3.2,0.3,-99,47,-99,-99,-99,-99,-99,16.2,39.4,6.5,5.3,-99,755.4,169.8,251.6,114.6,151,273.5,221.1,57.2,405.6,8.3,152.2,8.1,221.7,166.9,120.5,173.9,270.9,132.5,490.1
198306,0,0,0,0,-99,-99,-99,-99,0,0,-99,0,-99,-99,-99,-99,-99,0,0,0,0,-99,123.5,24.4,48,30.3,18.5,70.9,77.7,0,39.4,0,9.3,0,17.2,32.1,18.6,5.5,43.9,24.6,68.4
198307,0,0,0,0,-99,-99,-99,-99,0,0,-99,0,-99,-99,-99,-99,-99,0,0,0,0,-99,109.9,42.5,0,22.7,43.5,281.3,83.6,0,45.9,0,30.3,0,11,18.9,22.7,24.6,14.6,34.2,76.5
198308,0,3,0,0,-99,-99,-99,-99,0,0,-99,0,-99,-99,-99,-99,-99,0,0,0,0,-99,24,0,0,3.3,10.5,30.3,6.1,0,13.9,0,0.7,0,0.4,11.8,2.1,0,0,3.2,30.8
198309,0,0.7,0,0,-99,-99,-99,-99,0,0,-99,0,-99,-99,-99,-99,-99,0,0,0,0,-99,65.9,52,0,6.3,3,218.4,12.3,26,6.8,0,8.7,0.1,10,10.2,1.1,4.3,3,7.3,47.4
198310,0,35.8,4.5,8.3,-99,-99,-99,-99,4.5,0.2,-99,111.6,-99,-99,-99,-99,-99,1.2,0,0,0,-99,38,10.7,0,7.3,2.8,20.5,47.4,-99,70,0,4.6,26.2,73,0.6,5,62.2,5.9,10,18.1
198311,19.7,21.1,15.4,25.4,-99,-99,-99,-99,23.5,75.8,-99,106,-99,-99,-99,-99,-99,35.1,20.4,27.3,20.7,-99,118,35.5,0,15.4,89.5,203.3,21,-99,15.8,19.2,0,36.2,27.6,12,9.8,13.3,7.3,11.5,7.3
198312,197.7,130.8,281.5,180.8,-99,-99,-99,-99,-99,136,-99,212.9,-99,-99,-99,-99,-99,90.5,105,241.3,194.9,-99,216.5,79.5,117.5,106.9,174.5,183.3,-99,98.7,67.2,220.4,110.2,127.7,118.3,189.5,88.1,192.6,191.4,147.8,67.1
198401,209.3,169.9,116.8,296.5,-99,-99,-99,-99,370.2,207.7,-99,240,-99,-99,-99,-99,-99,63.3,103.1,132.3,124.4,-99,273,243.7,96,160.8,258,160.1,-99,0,116.4,170,171.4,152.1,73.4,189.4,101,162,374.8,186.1,0.7
198402,97.7,108.1,42,185.1,-99,-99,-99,-99,143.9,90.2,-99,151,-99,-99,-99,-99,-99,59.3,123.3,90,60.1,-99,72,93.4,32.5,118,81,205.5,-99,22.9,0,122.4,108.1,70.2,0.2,237.4,98.2,61,277.6,101.4,0
198403,177.5,107.4,3.1,78.2,-99,-99,-99,-99,69.8,132.5,-99,166,-99,-99,-99,-99,-99,79.5,32.1,37.1,35.9,-99,339.4,115.8,149.9,76.6,125,208.9,-99,18.6,128.4,64.1,100.1,74.6,202.6,289.3,81.3,151.1,479,111,57.6
198404,-99,124,134.8,32.9,-99,-99,-99,-99,162.6,28.4,-99,106,-99,-99,-99,-99,-99,50.5,79.1,71.4,71.2,-99,943,321.9,200.8,252.2,385.5,276.8,-99,361.5,441.2,117.3,168.8,92.9,368.6,382.1,147.6,248.5,423.3,297.6,459.6
198405,0,0,0,0.9,-99,-99,-99,-99,4.1,0,-99,27,-99,-99,-99,-99,-99,0,7.5,0.5,4,-99,394.5,170,17,52.9,118,187.7,-99,86.1,174.2,0,96.2,1.6,131.4,109.8,48.1,98.1,60.6,63.2,112.9
198406,0,0,0,0,-99,-99,-99,-99,0,0,-99,0,-99,-99,-99,-99,-99,0,1.8,0,0,-99,160,17.1,0,11.1,58,36.8,-99,53.9,60.1,0,11.1,0,47.1,48.9,13.4,17.7,35.2,22.9,123.4
198407,0,0,0,0,-99,-99,-99,-99,0,0,-99,-99,-99,-99,-99,-99,-99,0,0,0,0,-99,62,11.9,0,0,8.5,39,-99,10.5,28.4,0,65.6,0,20.4,11.6,46.4,12.9,52.1,6.5,106.2
198408,0,0,0,0,-99,-99,-99,-99,0,0,-99,-99,-99,-99,-99,-99,-99,0,0,0,0,-99,17,0,6.2,0,0.5,22.4,-99,7,5.1,0,42,0,1.8,4.1,16.1,0,5.5,4.1,29.6
198409,0,0,0,0,-99,-99,-99,-99,0,0,-99,-99,-99,-99,-99,-99,-99,0,0,0,0,-99,54,8.5,0,2.1,18,39.7,-99,30.6,6.5,0,26.5,0,6.4,9.5,31.4,0,0,5.6,86.7
198410,0,8.7,0,13.9,-99,-99,-99,-99,0,0,-99,-99,-99,-99,-99,-99,-99,7.6,15.9,0,0,-99,322.5,101.9,13.5,30.3,38,615.5,-99,44.4,104.4,0,64.1,1.5,52,97.5,79.2,50.7,64.8,30.5,159.2
198411,0,28,43.2,137.3,-99,-99,-99,-99,37.2,34,-99,-99,-99,-99,-99,-99,-99,94,84.7,76.8,57.6,-99,436.2,130.5,36.4,96.7,144,387.7,-99,235.2,121.1,77,212.8,26,128.4,121.1,185.7,18,92.9,127.4,180.6
198412,338.1,189.1,212.5,245.1,-99,-99,-99,-99,142.7,183.5,-99,-99,-99,-99,-99,-99,-99,113.1,109.2,176.8,67.9,-99,296.9,128.5,51.9,68.8,141.5,560.5,-99,101.1,182.3,143.3,117.5,155.2,84.4,212.9,154.6,300.7,465.6,56.2,93.4
198501,67.5,77,66.1,131.4,-99,-99,-99,-99,-99,74.2,-99,221.7,-99,-99,-99,-99,-99,110.6,71,146,73.3,-99,195,119.5,39.8,23.3,118,299.2,-99,91,93.8,164.1,176.4,41.9,30.8,56,168,131.6,222.2,10.8,37.3
198502,138.2,266,243.4,187.7,-99,-99,-99,-99,237.5,181.3,-99,145.3,-99,-99,-99,-99,-99,169.7,112.5,259.6,141.5,-99,193,142,68.7,155.3,229,183.2,-99,145.9,124.1,279,139.8,222.4,151.2,110.9,147.2,92.2,357,158.7,94.5
198503,51.9,101.5,42.7,53.2,-99,-99,-99,-99,81.7,65.1,-99,102.7,-99,-99,-99,-99,-99,75.2,39.3,8.9,40.9,-99,218.1,99,16.5,57,125,307.7,-99,127.3,114.8,74.5,134.7,45.5,139.2,206.2,169.9,100.6,230.2,107.1,130.7
198504,27.1,88.1,47.3,91.9,-99,-99,-99,-99,54.5,61.1,-99,156.5,-99,-99,-99,-99,-99,16.5,49.5,84,44,-99,474,374,51.8,169,151.5,382.6,-99,239.1,135,39,192.9,52.1,122.6,260.3,207.1,207.8,269.8,135.1,150.1
198505,0.8,0,0,15.7,-99,-99,-99,-99,0,0.6,-99,0,-99,-99,-99,-99,-99,30.5,17,0,6.4,-99,677.4,207,52.3,76.2,138.5,196.1,-99,86.1,184,1.3,47.6,0,76,129.3,63.5,38.9,74.5,118.3,408
198506,0,0,0,0,-99,-99,-99,-99,0,2.3,-99,0,-99,-99,-99,-99,-99,0,0,0,0,-99,16,0,8.3,0,4.5,51.4,-99,0,2.4,0,2.7,0,4.7,14.1,2,0,0,1.3,46.8
198507,0,0,0,0,-99,-99,-99,-99,0,0.3,-99,0,-99,-99,-99,-99,-99,0,0,0,0.4,-99,108,22.3,10.4,6,13.5,36.2,-99,12.3,62.1,0,5,0,70.8,29,7.2,30.4,26.6,16.7,139.4
198508,0,0,0,0,-99,-99,-99,-99,0,0,-99,0,-99,-99,-99,-99,-99,0,0,0,0,-99,44.5,17,0,9.5,7.5,98.7,-99,17,1.4,0,2.3,0,4.4,31.2,0,4.4,6.7,9.6,106.3
198509,0,0,0,0,-99,-99,-99,-99,0,0,-99,8,-99,-99,-99,-99,-99,0,0,0,0,-99,54.5,6.5,4.2,0,1.5,161,-99,8.8,12.8,0,17.5,0,17.1,0,0,4.1,3.9,0.8,67.4
198510,0,0,0,0,-99,-99,-99,-99,0,8.1,-99,4,-99,-99,-99,-99,-99,2.2,2.2,0,0,-99,68,10.6,11.5,0.6,10.5,205.8,-99,41.9,33.8,0,0.6,0,26.1,11,0,121.1,29.9,13.7,109.8
198511,147.3,108.1,88.9,194.7,-99,-99,-99,-99,103,117.2,-99,204.6,-99,-99,-99,-99,-99,129.9,125.5,74.8,36.4,-99,168.5,93.6,27,112,26,584.4,-99,29.6,61.7,46.7,80.2,94.3,74.8,169.4,110.3,26.6,231.8,59.1,124.2
198512,148.8,78.2,38.7,140,-99,-99,-99,-99,-99,112.3,-99,234.2,-99,-99,-99,-99,-99,64.9,153.9,130.6,64.5,-99,252.5,145.3,33.2,40.5,150,270.1,-99,111.4,122.9,77,147.2,61.3,103.3,59.9,158.7,91.4,218.1,43.3,87
198601,154.5,127.3,92,172.7,-99,-99,-99,-99,-99,125.1,-99,217.9,-99,-99,-99,-99,-99,165,137.3,112.9,-99,-99,285,145.8,65.5,132.7,62.5,542.8,-99,95.6,35.8,116.7,216.4,138.4,26.8,199.4,267.6,322.3,356.6,134.6,40.2
198602,61,15.7,22.5,91,-99,-99,-99,-99,60.4,49.4,-99,110.5,-99,-99,-99,-99,-99,46.3,37.1,70,-99,-99,129,48.6,20.6,74.7,78,136.2,-99,69.4,0.4,79.7,90.4,31.4,4.5,68.1,42.8,91.5,336.6,70.1,0.1
198603,135.3,108.5,67.4,-99,-99,-99,-99,-99,142.3,229.1,-99,230.7,-99,-99,-99,-99,-99,83.3,144.1,101.8,-99,-99,279,181.1,52.4,142.3,120,373.5,-99,217.5,210.8,75.3,191.5,83.3,191.6,241.8,182.8,167.2,419.2,156.5,221.3
198604,22.8,29.7,1,41.1,-99,-99,-99,-99,32.7,88.5,-99,66.8,-99,-99,-99,-99,-99,50.2,35,19.3,-99,-99,1006.5,274.3,84.2,126.3,154,284.5,78.3,292.8,398.4,24.8,136,26,256.5,302.4,285.1,310.5,405,142.7,353.9
198605,45.8,24.9,8.9,0,-99,-99,-99,-99,9.4,5.8,-99,53.8,-99,-99,-99,-99,-99,7.5,32.3,15.5,-99,-99,741,205.6,67.2,125.5,141.5,172.7,174.8,88,293.5,19.6,59.9,16.2,199.9,83.4,59.1,82.2,101,157.7,489.3
198606,0,2.3,0,0,-99,-99,-99,-99,0,0,-99,0,-99,-99,-99,-99,-99,0,0,0,-99,-99,50,30.7,0,6.3,2.5,13.9,16.6,0,13.3,0,2.8,0,20.6,5.5,5.6,0,0,11.4,45.5
198607,0,0,0,0,-99,-99,-99,-99,0,0,-99,0,-99,-99,-99,-99,-99,0,0,0,-99,-99,0,0,0,0.3,0.5,1.5,3.5,0,1.7,0,1.9,0,1,6.1,0,6.2,0,2.3,17
198608,0,0,0,0,-99,-99,-99,-99,0,0,-99,0,-99,-99,-99,-99,-99,0,24.5,0,-99,-99,132.5,0,8.2,3.3,25,54,20.6,10.5,32.6,0,26,0,18.5,12.9,23.7,0,0,6.9,50.1
198609,0,0,0,0,-99,-99,-99,-99,0,0,-99,14.8,-99,-99,-99,-99,-99,0,0,0,-99,-99,13,0,0,0,0,14,15.5,6.7,46,0,0.9,0,15.5,2.2,0.9,0,0,1.2,37.8
198610,0,2.1,0,11.8,-99,-99,-99,-99,3,18.7,-99,51.1,-99,-99,-99,-99,-99,8.4,17.5,0,-99,-99,115.5,77,29.8,37.1,5,278.4,197.2,38,109,0,5.5,1.2,59.3,68.2,4.1,63.7,34,37.6,41
198611,9.5,42,6.4,30.7,-99,-99,-99,-99,2.2,29.7,-99,72.3,-99,-99,-99,-99,-99,70.9,40.8,0,-99,-99,530,95.6,68.8,133.4,82.5,474.1,240.5,248.5,242.7,1,198.1,26.6,154,137.4,124.8,151.1,182.1,175.7,169.1
198612,230.3,236,116.5,230.5,-99,-99,-99,-99,294,422.2,-99,408.7,-99,-99,-99,-99,-99,164.5,126.5,221.9,-99,-99,332,258.2,35.5,140.7,321,655.5,316.3,209.6,46.7,157.8,221.2,234,43.4,192,229.8,187.7,364.1,156.2,122
198701,226.5,290.3,138.9,156.5,-99,-99,-99,-99,251.6,212.6,-99,142,-99,-99,-99,-99,-99,181.2,238.4,172.9,-99,-99,145,206.4,38.3,38.5,387,326.8,358.4,65.8,21.1,330.8,165.2,119.8,50.2,266.6,215.1,116.5,421.9,108.7,37.2
198702,129.5,56.9,223.1,217.7,-99,-99,-99,-99,12.6,251.4,-99,102,-99,-99,-99,-99,-99,54.6,37.2,76.1,-99,-99,97,167.5,6.4,0,140.5,145.8,42.4,48.8,13.9,84.6,221.6,94.4,38.3,113.7,216.2,77.4,388,74.9,2.2
198703,125.8,243.2,94.1,90.8,-99,-99,-99,-99,141.2,108.4,-99,53,-99,-99,-99,-99,-99,129.4,87.7,89.6,-99,-99,118.5,179.6,6.3,92.6,184.5,215.3,165.1,184,77.9,126.9,122.1,128.6,87.7,256.5,55.9,63,619.6,65.7,19
198704,91.7,48.1,93.5,60.9,-99,-99,-99,-99,73.4,115.8,-99,37.7,-99,-99,-99,-99,-99,71.9,113.3,70.1,-99,-99,302,141.7,64.5,78.4,152,283.2,316.5,142.7,160.9,102.7,133.1,63.6,159.5,297.7,140.1,49,310.3,108.2,171.8
198705,0,0,1,4.8,-99,-99,-99,-99,27.9,1.2,-99,44.8,-99,-99,-99,-99,-99,8.9,12.7,1.8,-99,-99,519.5,108.3,75.9,92.5,182,218.8,224.2,166.4,246.5,5.5,83.8,3.6,143.9,196.1,68.9,82,73.6,132.7,710.4
198706,0,0,0,0,-99,-99,-99,-99,0,0,-99,1.6,-99,-99,-99,-99,-99,0,0,0,-99,-99,0,0,0,0,0,0,0,0,0.8,0,5,0,1,0,0,0,0,0,25.6
198707,0,0,0,0,-99,-99,-99,-99,0,0,-99,0,-99,-99,-99,-99,-99,0,0,0,-99,-99,100,0,0,0,9,108.3,24.3,11,16.4,0,48.4,0,5.1,50.3,14.1,0,29.8,4,42.3
198708,0,0,0,0,-99,-99,-99,-99,0,0,-99,0,-99,-99,-99,-99,-99,0,0,0,-99,-99,170.5,17.1,3.2,0.3,37,111.9,43.1,44,73.6,0.2,21.2,0,57.6,17.1,12.5,0,0,8.5,193.9
198709,0,0,0,0,-99,-99,-99,-99,0,0,-99,0,-99,-99,-99,-99,-99,0,0,0,-99,-99,9.5,0,0,0,2,39.8,7.7,0,2.8,0,2,0,0.2,1.5,0,0,2.7,0,39.1
198710,0,0,0,3.7,-99,-99,-99,-99,3.3,13.7,-99,0,-99,-99,-99,-99,-99,0,0,0,-99,-99,122.5,63.5,21.4,6,21,263.6,139.5,8,40.7,0,68.6,1.1,9,17.9,61.7,16,64.6,43.8,72.1
198711,88.3,40.7,19.8,70.1,-99,-99,-99,-99,36.4,79.7,-99,0,-99,-99,-99,-99,-99,27.5,15.8,51.8,-99,-99,180,26.4,31.1,12,34.5,503.3,166.6,28.5,48.1,73.1,64.7,89.1,10.6,129.5,65.2,78.4,159.1,36,57.9
198712,56.8,19,7.1,52.6,-99,-99,-99,-99,58.6,7.8,-99,0,-99,-99,-99,-99,-99,37.9,18.4,9,-99,-99,48,10.5,0,49,31,197.5,63,106.2,22.2,18.8,59.2,33.9,101,70.8,26.3,166.8,107.6,28.9,72.8
198801,103.5,131.9,182.6,206.3,-99,-99,-99,-99,96.6,130.8,-99,-99,-99,-99,-99,-99,-99,147.1,146.3,162.6,137.4,-99,143,92.3,19.3,100,171.5,361,128.4,51.7,183.3,142.4,220.8,130.2,77.5,140,198,77,201.4,93.7,74.6
198802,157.5,93.6,36.8,49.8,-99,-99,-99,-99,24.5,126.1,-99,-99,-99,-99,-99,-99,-99,28.8,15.1,51.9,4.4,-99,69,10.5,14.2,87.5,72.5,218,156.2,63.2,13.2,73.8,71.2,64.2,18.3,102.4,25.2,94,243.2,33.7,14.2
198803,194.8,330.9,263.1,245.2,-99,-99,-99,-99,44.6,270.6,-99,-99,-99,-99,-99,-99,-99,252.8,222.1,232,100.6,-99,384,127.5,0,66.5,147.5,126.1,98.9,143,105.2,196.2,119.2,282.6,121.9,334.9,213.3,61.2,457.6,191.9,36.1
198804,7.5,83.7,16.6,76.4,-99,-99,-99,-99,23.9,7.4,-99,-99,-99,-99,-99,-99,-99,6.8,23.4,2.3,5,-99,377.5,122.3,105.5,78.7,123,188.1,291.9,244.4,245.7,5.5,148.4,9.6,204.3,229.2,158.6,74,194.4,87.1,255.7
198805,0,0,3,0,-99,-99,-99,-99,0,0,-99,-99,-99,-99,-99,-99,-99,0,0,-99,0,-99,97,21.7,5.1,18.5,50.5,152.5,83.5,33,15.3,0,36.4,0,43.4,100.4,93.9,0,129.8,12.7,163.7
198806,0,3.5,0,0,-99,-99,-99,-99,0,0,-99,-99,-99,-99,-99,-99,-99,0,0,-99,-99,-99,385.5,28.9,83.6,16.5,28.5,149.8,72.5,73.5,78.5,0.6,88.5,0,63.6,58,29.2,55,25.2,44.8,247.3
198807,0,0,0,0,-99,-99,-99,-99,0,0,-99,-99,-99,-99,-99,-99,-99,0,0,-99,0,-99,9.5,0,0,0,0.5,56.3,7.2,0,9.3,0,1.9,0,9.4,0.4,7.7,2,0,0,33.5
198808,0,0,0,0,-99,-99,-99,-99,0,0,-99,-99,-99,-99,-99,-99,-99,0,0,-99,0,-99,148,10.2,6.1,0,5,114.1,-99,11,48.2,0,13.5,0,6.2,19.4,30.1,19,52.1,17.6,47.4
198809,0,0,0,4.7,-99,-99,-99,-99,0,0,-99,-99,-99,-99,-99,-99,-99,0,0,-99,0,-99,244,27.5,0,44.8,10.5,159.6,81.8,24.6,32.7,0,21.5,0,26.4,11.4,12.3,5,4.3,33.4,90.2
198810,0.9,0,0,11.3,-99,-99,-99,-99,0,0,-99,-99,-99,-99,-99,-99,-99,0,0,-99,0,-99,123,27.9,27.3,26.9,28.5,251.1,72.1,6,8.8,0,10.1,4.1,7.2,18.3,12.4,9,24.5,27.5,81.6
198811,18.3,33,0,14.3,-99,-99,-99,-99,15,24.3,-99,-99,-99,-99,-99,-99,-99,25,7.8,-99,0,-99,544.3,100.4,61.5,14.3,64,804.4,79.4,144.3,62.4,0,34.2,19.7,51.1,95.9,49,57.1,121.7,51.7,126.4
198812,97.1,151.6,42.5,95.9,-99,-99,-99,-99,47.9,82.5,-99,-99,-99,-99,-99,-99,-99,135.9,183.4,0,174.3,-99,601,126.6,90,142.7,112,525.4,189.8,202.1,152.7,117.1,116.3,89.1,186.4,281.2,246.2,194.5,305.8,170.1,136.6
198901,163.6,271.2,235.1,285,-99,-99,-99,-99,140.1,222.2,-99,139,-99,-99,-99,-99,-99,143.3,193.9,198.3,163.5,-99,496.5,275.9,79.7,194.6,195,306.2,241.1,112.7,268.2,170.1,146.7,235.8,320.2,217.6,144.6,218.8,281.8,229,115.6
198902,66.8,55.4,39.8,122,-99,-99,-99,-99,95.5,63.5,-99,142.7,-99,-99,-99,-99,-99,28.1,59.3,86.1,64.6,-99,54,12.9,0,10.9,69.5,74.9,51.3,0,0,107.1,52.6,54.1,0.2,95.4,56.5,9,304.5,7.2,0
198903,163,169.6,170.3,182.2,-99,-99,-99,-99,69.5,138.2,-99,298.5,-99,-99,-99,-99,-99,65.7,90.7,124.8,101.3,-99,157,96.5,88.1,49.4,107,255.6,146.4,57.3,105.3,149.9,129,133.2,80.9,255.2,156.4,148.8,389.7,145.8,76.4
198904,39.5,94.5,76.2,44.5,-99,-99,-99,-99,84.6,68,-99,143.7,-99,-99,-99,-99,-99,192.2,131.3,80.8,159.5,-99,902.5,188.2,137.8,414.3,377.5,437.5,294.5,248.4,259.3,121.8,181,53.8,175.2,490.5,206.7,272.3,482.5,250.4,200.3
198905,0,10.1,1,7,-99,-99,-99,-99,0,45.8,-99,20.5,-99,-99,-99,-99,-99,5.7,0,15.8,7.5,-99,450,96.4,115.2,127.2,151.5,175.6,91.8,92.1,196.5,1,91.5,8.7,190.1,241.6,125.4,120.9,298.4,112.7,213.9
198906,0,2.7,0,0,-99,-99,-99,-99,0,2.1,-99,7,-99,-99,-99,-99,-99,4.4,0,0,0,-99,110.5,4.2,11.2,11,25,43.8,100.3,16,34.6,0.7,56.9,0,19.9,36.4,64.2,93.5,70.9,9.9,49.4
198907,0,0,0,0,-99,-99,-99,-99,0,0,-99,0,-99,-99,-99,-99,-99,0,0,0,0,-99,17,0,9.2,2.5,7,7.9,6.2,20.4,5.7,0,4.7,0,1.6,8.6,0,5.3,30,3.9,30.2
198908,0,0,0,0,-99,-99,-99,-99,0,0,-99,0,-99,-99,-99,-99,-99,0,0,0,0,-99,78,0,12.2,0,16,56.7,53.1,9,33.7,0,20.1,0,34.3,6.6,9.9,20.5,27.8,6.8,120.7
198909,0,1,0,0,-99,-99,-99,-99,0,0,-99,0,-99,-99,-99,-99,-99,0,0,0,0.3,-99,32,0,0,0.5,4.5,99.5,7.1,-99,22.8,0,1.3,0,3.9,2.5,1.8,0,8.7,0.4,43.4
198910,0,2.8,0,10.9,-99,-99,-99,-99,0,0.6,-99,0,-99,-99,-99,-99,-99,8.6,25.8,0.7,7.4,-99,321,27.1,35.2,75.9,148,169.8,124,-99,72.3,1.5,78.4,0,71.2,59.5,47.9,16.8,39,71.8,184.7
198911,26.7,89.3,12.6,48,-99,-99,-99,-99,53,66.7,-99,40.1,-99,-99,-99,-99,-99,52.6,82.1,26.8,0,-99,264,80.9,13.2,55,69,364.9,115.3,91.3,28,43.1,60.8,49.4,73.1,131.8,117.8,7.1,216.8,85.5,150.2
198912,253.3,224.7,132.2,212.9,-99,-99,-99,-99,116.1,351.5,-99,335.5,-99,-99,-99,-99,-99,171.6,147.6,235,396.8,-99,108,45.6,33.3,96.3,154.3,423.6,100.2,-99,175.6,240.8,153.9,135.1,141.1,283.5,134,98.2,646,100.5,120.2
199001,107.9,115.1,170.5,112.5,-99,-99,-99,-99,103.2,162.2,-99,-99,-99,-99,-99,-99,-99,85,-99,51.9,73.8,-99,166.8,37.5,5.1,83,216,355.1,134,75.4,110.2,34.8,75.4,40.3,48.8,125,112.3,17.2,318.3,83.6,36.6
199002,158.7,144.2,105.3,221,-99,-99,-99,-99,169.9,-99,-99,-99,-99,-99,-99,-99,-99,209.5,140.7,225,244.1,-99,286,133.4,33.3,181.6,140.5,181.3,0.2,123.4,160.9,145,147.9,106.7,173.2,140.1,197.7,126.2,263.1,187.3,134
199003,67.2,191.4,177.6,264.4,-99,-99,-99,-99,197,93.9,-99,-99,-99,-99,-99,-99,-99,97.9,140.7,94,38,-99,505.4,212.9,67.8,271.5,343.5,505,-99,96.5,93.5,190.9,276.6,164.2,268.6,257.3,251.9,150.2,500.4,229.1,251.4
199004,91.2,114,241.2,116,-99,-99,-99,-99,76.7,85.7,-99,-99,-99,-99,-99,-99,-99,202,41.5,113.4,79.7,-99,532.7,136,100.3,-99,256,228.8,-99,280.1,271.5,118.5,185.8,111.9,104.1,200.7,210.2,68.6,430.6,193.6,344.8
199005,5.5,1.4,1.6,16.8,-99,-99,-99,-99,13.1,6.6,-99,-99,-99,-99,-99,-99,-99,0,8.6,0,0,-99,150.4,30.9,21.5,-99,100,28.1,-99,67.3,100.3,0,25.7,4.8,75.3,125,20.5,144.5,68.4,56.8,124.2
199006,0,0,0,0,-99,-99,-99,-99,0,0,-99,-99,-99,-99,-99,-99,-99,0,0,0,0,-99,14.5,0,0,22.5,0.5,34.1,2.3,6.2,29.2,0,0,0,3.6,9.8,0,0,0,10.2,61.7
199007,0,0,0,0,-99,-99,-99,-99,0,0,-99,-99,-99,-99,-99,-99,-99,0,4.9,0,0,-99,22,0,17.5,30.3,6.5,23.5,24,30.6,29.9,0,1.7,0,4.6,8.9,0.9,3.8,0,9,12.6
199008,0,0,0,0,-99,-99,-99,-99,0,0,-99,-99,-99,-99,-99,-99,-99,0,0,0,0,-99,67,0,12,20.3,11,56.7,24.3,0,7.3,0,18.8,0,3.9,6.4,13.5,1,21.7,7,36.5
199009,0,0,0,-99,-99,-99,-99,-99,0,0,-99,-99,-99,-99,-99,-99,-99,0,0,0,8.3,-99,198,5.2,10.3,24.1,29,58.4,4.4,24.4,23.6,0,14,0,19.6,10.2,8.7,1.6,15.1,30.5,35.9
199010,0,0,0,-99,-99,-99,-99,-99,5.2,0,-99,4.3,-99,-99,-99,-99,-99,0,0,0,0,-99,85.8,0,0,0.6,40.5,16,-99,43.2,29.6,0.7,10,0.8,55,16.2,15.1,0,61.5,6.8,45.1
199011,0,6.2,5.4,-99,-99,-99,-99,-99,3,3.9,-99,40.2,-99,-99,-99,-99,-99,33.1,0,5.9,7.5,-99,683.4,93.3,89.1,161.9,229.5,351.1,217,163.5,230.2,7,79,23,181.8,163,111.6,94.7,190.1,158.8,101.6
199012,104.4,64.1,34.3,-99,-99,-99,-99,-99,58.2,83.8,-99,124.3,-99,-99,-99,-99,-99,50.8,172.8,2.8,87,-99,56.5,9.2,0,60.2,50,241.8,43.8,108.8,55.6,5.1,43.1,51.8,24.2,-99,62.3,38.2,267.3,67.8,89.5
199101,215.5,215.6,254.4,-99,-99,-99,-99,-99,76.6,138.9,-99,278.6,-99,-99,-99,-99,-99,84.6,-99,-99,145.4,-99,198,85.6,34.5,0,171.5,298.6,285.8,-99,92.9,118,244.4,223.2,137.4,177.6,142.9,37.7,514.9,140.1,83.4
199102,120.8,125.3,63.7,-99,-99,-99,-99,-99,54.2,113.3,-99,64.6,-99,-99,-99,-99,-99,25,-99,-99,47.4,-99,12,0,0,4.1,35,69.9,4.9,5.2,17.3,166.8,43,55.2,0.1,23.3,30.1,92.5,156.1,0.7,0
199103,71.1,118.3,179.7,-99,-99,-99,-99,-99,39.6,118.2,-99,79.5,-99,-99,-99,-99,-99,155.9,-99,-99,97.6,-99,227.5,137.6,52.5,94.5,52,155.7,87,-99,75.2,121.1,261.6,100.6,64.3,265.9,200.9,308,520.1,94.5,162.7
199104,158.2,140.6,37.5,-99,-99,-99,-99,-99,32.2,134.7,-99,352.4,-99,-99,-99,-99,-99,3.9,-99,-99,32.4,-99,491,140.3,113.9,187.1,136.5,495.9,232.7,74.3,17.4,26.2,121.9,69,64.4,520.7,101.9,86.7,463.3,211.8,114.3
199105,8.5,0,0,-99,-99,-99,-99,-99,9.6,0,-99,21.8,-99,-99,-99,-99,-99,0,-99,-99,0,-99,533.4,95.2,51.2,72.9,155,149,136.5,63.5,353,0,85.9,5.8,208.8,152.1,74.1,152.4,113.8,59.4,308.6
199106,0,0,0,-99,-99,-99,-99,-99,0,0,-99,0,-99,-99,-99,-99,-99,0,-99,-99,0,-99,38.5,24.9,10.1,3.8,3,18.6,19.2,0,4.6,0,4.3,0,2.1,10.3,2,9.3,30.5,2.9,54.1
199107,0,0,0,-99,-99,-99,-99,-99,0,0,-99,0,-99,-99,-99,-99,-99,0,-99,-99,0,-99,128.5,0,8.2,14,9,-99,7,0,28.9,0,68.9,0,12.7,29.8,27.1,-99,9,26.6,55.2
199108,0,0,0,-99,-99,-99,-99,-99,0,0,-99,0,-99,-99,-99,-99,-99,0,-99,-99,0,-99,103,0,18.4,13.1,25,-99,8.5,0,21.7,0,25.8,0,8.7,3.9,7.8,0,17.4,2.9,166.1
199109,0,0,0,-99,-99,-99,-99,-99,0,0,-99,0,-99,-99,-99,-99,-99,0,-99,-99,0,-99,58,14.6,0,0,26,-99,0.7,27,13,0,97.8,0,7.5,16.6,-99,5.5,23.8,9.6,18.2
199110,4.7,33.3,0.7,-99,-99,-99,-99,-99,17.3,27.1,-99,49,-99,-99,-99,-99,-99,-99,-99,-99,0.3,-99,59,0,7.1,0,11.5,-99,17.2,47.3,25.7,0,2.4,0.9,10.9,6.7,3,10.5,8.2,6.7,48.1
199111,-99,9,0,-99,-99,-99,-99,-99,0.7,0,-99,82.5,-99,-99,-99,-99,-99,-99,-99,-99,0,-99,334.5,23.8,17.3,4.2,21,-99,115.8,87.5,218.6,2.9,79.1,0,55.6,55.4,59.1,67.8,100.9,17.7,127.6
199112,131.1,158.3,99.8,-99,-99,-99,-99,-99,55.2,125.6,-99,140.6,-99,-99,-99,-99,-99,0,-99,-99,92.9,-99,235,79.1,61.7,215.5,321.5,-99,213,-99,187.4,127.8,277,108,72.4,185.1,270.2,171.5,491.9,183.8,99.6
199201,71.8,116.4,4.6,-99,-99,-99,-99,-99,19.8,127.5,-99,278,-99,-99,-99,-99,-99,-99,-99,-99,12.4,-99,36.5,0,8.2,0.3,0,-99,47.7,-99,9.2,6.4,8.9,46.2,3.9,31.8,6.5,26.4,107.2,13.4,7.8
199202,253.9,220.1,208.9,-99,-99,-99,-99,-99,58.7,209.6,-99,361.1,-99,-99,-99,-99,-99,-99,-99,-99,143.8,-99,213,72.1,20.2,40.4,155,-99,164.6,-99,114.6,202,170.5,184.6,74.3,207.4,150.3,94.4,815.1,20.7,1.2
199203,31.6,148.5,61,-99,-99,-99,-99,-99,30.7,162,-99,200.5,-99,-99,-99,-99,-99,-99,-99,-99,22.5,-99,404.9,163,69.7,132.5,50.5,-99,230.2,-99,51.3,127.8,187.1,94.9,99.2,241.1,115.1,283.9,350.9,85,7.2
199204,24.9,103.5,9.6,-99,-99,-99,-99,-99,68.6,61.1,-99,177.4,-99,-99,-99,-99,-99,-99,-99,-99,80,-99,891.4,175.6,88.4,206.1,333,-99,488.8,-99,325.4,32.9,442.2,37.7,350.6,588.6,200.1,422.9,596.9,239.4,316.6
199205,0,10.9,0.5,-99,-99,-99,-99,-99,11,4.9,-99,91.7,-99,-99,-99,-99,-99,-99,-99,-99,0.4,-99,359,106.9,37.8,47.9,118.1,-99,76,-99,288.1,11.9,121.5,9.6,148.6,198.4,78,98.8,192.1,86.9,351.1
199206,0,0,0,-99,-99,-99,-99,-99,0,0,-99,1,-99,-99,-99,-99,-99,-99,-99,-99,0,-99,17,34.5,10.2,20.3,15.5,-99,92.3,-99,37.2,0,29.5,0,28.5,76.7,6.5,26.4,28.8,21.1,73.5
199207,0,0,0,-99,-99,-99,-99,-99,0,0,-99,0,-99,-99,-99,-99,-99,-99,-99,-99,0,-99,52.5,0,0,0,7.5,-99,16.7,-99,34.8,0,1.9,0,18,1.2,0,0,0,4.7,51.7
199208,0,0,0,-99,-99,-99,-99,-99,0,0,-99,0,-99,-99,-99,-99,-99,-99,-99,-99,0,-99,15.5,0,0,0,0.5,-99,1.8,-99,3.1,0,42.5,0,0.1,1.8,14.3,0,0,0,42.8
199209,0,0,0,-99,-99,-99,-99,-99,0,0,-99,0,-99,-99,-99,-99,-99,-99,-99,-99,0,-99,4.5,5.2,40.7,2,10.5,-99,15.7,-99,20.9,0,0.1,0,40.3,0.3,1,23.6,0,1.5,62.3
199210,0,31.5,0,-99,-99,-99,-99,-99,0,2.6,-99,19.6,-99,-99,-99,-99,-99,-99,-99,-99,0,-99,3.5,0,0,0,0,-99,-99,-99,2.6,0,0,13,2.6,0,0,4.8,0,0,36.8
199211,38.6,172,103.1,-99,-99,-99,-99,-99,71.4,131.6,-99,99.2,-99,-99,-99,-99,-99,-99,-99,-99,0,-99,350.4,75.1,35.5,92.3,192,-99,-99,-99,138.3,42.7,322.5,29.7,139.5,199.5,144.5,115.8,181,107.3,375.1
199212,99.6,112.2,35.2,-99,-99,-99,-99,-99,96.5,43.4,-99,127,-99,-99,-99,-99,-99,-99,-99,-99,77.3,-99,457,122,45.8,36.8,35,-99,-99,-99,120,63.4,139.9,32,49.9,104.5,115.2,158.8,503.6,122.4,87.5
199301,73,186.9,204.2,-99,-99,-99,-99,-99,172.1,226,-99,233.4,-99,-99,-99,-99,-99,-99,-99,-99,195.9,-99,-99,34.6,45.6,-99,31.5,-99,-99,44.9,71.3,180.5,96.5,260,77.6,206.4,97.1,174.4,279.8,32.1,34.6
199302,114.1,170.8,63.1,-99,-99,-99,-99,-99,198.6,251.2,-99,113,-99,-99,-99,-99,-99,-99,-99,-99,84.5,-99,-99,100.4,53.3,-99,154.5,-99,-99,88.3,34.8,171,90.6,90.5,89.6,139,84.3,-99,160.5,157.3,8.5
199303,164.8,126.4,103.5,-99,-99,-99,-99,-99,96.3,100.7,-99,212,-99,-99,-99,-99,-99,-99,-99,-99,26.1,-99,-99,34.5,62.7,-99,158,-99,-99,0,118.2,70.4,301,147,92.2,229.8,162.6,-99,606.8,117.8,22.8
199304,16.6,87.7,2.1,-99,-99,-99,-99,-99,36,34.9,-99,136.4,-99,-99,-99,-99,-99,-99,-99,-99,17.4,-99,-99,180.8,124.2,-99,332.5,-99,-99,95.9,322.6,38.4,370.8,45,306.2,285.8,342.6,418.8,752.4,296.4,255.3
199305,0,8.9,0.8,-99,-99,-99,-99,-99,20.8,0,-99,61.6,-99,-99,-99,-99,-99,-99,-99,-99,7.3,-99,-99,83.3,42.5,-99,90.5,-99,-99,49.9,199.4,0,115.1,3.3,147.7,211.8,45.4,28.1,292.8,89.7,196.7
199306,0,0,0,-99,-99,-99,-99,-99,0,0,-99,0,-99,-99,-99,-99,-99,-99,-99,-99,0,-99,-99,0,0,-99,16.5,-99,-99,0,17.4,0,1.8,0,4.3,32.5,2.6,0,27.3,12.7,65.8
199307,0,0,0,-99,-99,-99,-99,-99,0,0,-99,0,-99,-99,-99,-99,-99,-99,-99,-99,0,-99,-99,0,0,-99,11,-99,-99,44.9,14.1,0,2.6,0,35,44.3,0,33.7,35.6,5.4,19.9
199308,0,0,0,-99,-99,-99,-99,-99,0,0,-99,0,-99,-99,-99,-99,-99,-99,-99,-99,0,-99,-99,0,0,-99,0,-99,-99,8.5,10.1,0,6.7,0,7,0.9,17.2,12.5,6,4.7,65.7
199309,0,0,0,-99,-99,-99,-99,-99,0,0,-99,1.8,-99,-99,-99,-99,-99,-99,-99,-99,0,-99,-99,0,0,-99,0,-99,-99,0,9.1,0,4,0,12.1,3.8,1.4,8.1,0,0.5,48.1
199310,0,0,0,-99,-99,-99,-99,-99,0,0,-99,0,-99,-99,-99,-99,-99,-99,-99,-99,1.2,-99,-99,15.5,0,-99,72.5,-99,-99,29.6,109.9,37.3,8.3,0.1,61.8,23,0,12.1,0,45.8,68.5
199311,0,29.4,0,-99,-99,-99,-99,-99,14,0,-99,25.2,-99,-99,-99,-99,-99,-99,-99,-99,12.1,-99,-99,23.8,0,-99,17,-99,-99,76.3,161.5,5.6,45.5,5.1,36.9,54.7,19.9,100.8,110.7,37.4,116.1
199312,0,4.8,0,-99,-99,-99,-99,-99,0,0,-99,60.6,-99,-99,-99,-99,-99,-99,-99,-99,0.2,-99,-99,0,10.2,-99,15,-99,-99,22.2,86.9,0,0.7,2.8,5.2,5.9,177.4,0,99.9,0.8,146
199401,185.3,179,90.7,-99,-99,-99,-99,-99,112,103.1,-99,208,-99,-99,-99,-99,-99,-99,-99,-99,179.2,-99,48,0,23.3,54.4,227.5,-99,182.3,17.8,54.6,238.3,244,188.9,2.8,147.6,145.8,69.4,282.6,54,1.4
199402,117,137,191.7,-99,-99,-99,-99,-99,-99,158.4,-99,196.6,-99,-99,-99,-99,-99,-99,-99,-99,124,-99,180,0,32.1,110.8,123,-99,125.2,5.3,100.1,170.4,160.2,117.2,131.3,281.8,199.2,188,511.6,134.6,85
199403,135.7,119.5,144.5,-99,-99,-99,-99,-99,113.2,154.7,-99,308.8,-99,-99,-99,-99,-99,-99,-99,-99,61.7,-99,319,0,98,116.2,119,-99,150.1,22.3,99.7,48.9,232.6,233.7,243.4,283.7,203.9,118.7,588.5,77.4,161.4
199404,38.5,22.1,3.5,-99,-99,-99,-99,-99,6.7,41.1,-99,68.7,-99,-99,-99,-99,-99,-99,-99,-99,13.6,-99,432.9,137.6,216.2,121,123.5,-99,316.1,152,289.2,4.4,80.5,11.3,285.9,214.1,57.5,194.8,374.3,168.8,311.9
199405,0,0,0,-99,-99,-99,-99,-99,18.2,0,-99,12.6,-99,-99,-99,-99,-99,-99,-99,-99,0,-99,473.7,79,129.6,47.4,154,-99,136.9,99.2,171.1,0.2,22.1,0,101.4,121.4,24.4,54,96.4,88.2,217.9
199406,0,0,0,-99,-99,-99,-99,-99,0,0,-99,0,-99,-99,-99,-99,-99,-99,-99,-99,0,-99,59,0,11.2,5.4,9,-99,2,27.1,4.4,0,10.2,0,40,6.5,2.5,0,0,8.2,47.1
199407,0,0,0,-99,-99,-99,-99,-99,0,0,-99,0,-99,-99,-99,-99,-99,-99,-99,-99,0,-99,74.5,0,15.5,35,19.5,-99,-99,11.4,50.1,0,4.9,0,17.6,32.2,0,0,44.2,37.1,115.7
199408,0,0,0,-99,-99,-99,-99,-99,0,0,-99,0,-99,-99,-99,-99,-99,-99,-99,-99,0,-99,87.3,0,6.1,0,3.5,-99,-99,0,10,0,27.1,0,8.6,10.6,4.8,6.1,14.2,18.7,60.3
199409,4.8,0,0,-99,-99,-99,-99,-99,0,0,-99,2.4,-99,-99,-99,-99,-99,-99,-99,-99,0,-99,37.5,0,5.3,26.5,0.5,-99,-99,3,9.3,0,0.7,10.3,1.8,0,0,0,0,6.4,140.6
199410,0,3.5,1.8,-99,-99,-99,-99,-99,7.5,7.6,-99,35.6,-99,-99,-99,-99,-99,-99,-99,-99,5.5,-99,204.8,45.6,0,24.7,0,-99,-99,84.4,69,0,39.6,4.4,69.6,130.5,46.7,14.9,97.1,26,91.9
199411,38.1,36,0,-99,-99,-99,-99,-99,22.6,14.6,-99,60.4,-99,-99,-99,-99,-99,-99,-99,-99,0,-99,164.9,48.5,29.6,64.4,93,-99,-99,38.3,197.7,0.2,59.5,1.2,140.5,69.6,58,43.2,68.3,43.5,214.3
199412,-99,179.4,19.4,-99,-99,-99,-99,-99,60.4,57.8,-99,66.6,-99,-99,-99,-99,-99,-99,-99,-99,70,-99,158.5,0,43.2,47.6,20.5,-99,-99,68.8,228.7,68.4,66.3,84.8,96,52.4,106.9,200.1,288.6,49.2,242.2
199501,158.5,186,229.7,-99,-99,-99,-99,-99,222.6,72.6,-99,171.4,-99,-99,-99,-99,-99,-99,-99,-99,207.7,-99,110.5,87.7,24.4,68.9,208.5,-99,114.7,-99,12.5,226.2,182.6,73.3,13.1,179.1,76.7,76.4,246.6,148.2,0.4
199502,98.3,117.2,95.4,-99,-99,-99,-99,-99,68,185.6,-99,205,-99,-99,-99,-99,-99,-99,-99,-99,74.8,-99,115.5,48.2,31.7,95.6,196,-99,151,-99,110.1,100.7,83.1,150.9,71.7,137,55.7,177.5,327.4,98.5,20.2
199503,263.2,180,75.8,-99,-99,-99,-99,-99,90,54.9,-99,206.3,-99,-99,-99,-99,-99,-99,-99,-99,89.6,-99,523,192,83,134.2,142,-99,450.5,-99,310.6,130.6,204.2,188.3,302.5,542.6,205.6,143.3,570.9,185.8,89.8
199504,0,15.7,0,-99,-99,-99,-99,-99,24.4,19.4,-99,107.1,-99,-99,-99,-99,-99,-99,-99,-99,8.8,-99,829,184.9,131.9,156.3,204,-99,377.3,-99,264.9,0.2,104.6,10.7,302.3,306.5,132.9,275.7,339.5,246.7,320.5
199505,0,16.5,0,-99,-99,-99,-99,-99,0,0,-99,7.8,-99,-99,-99,-99,-99,-99,-99,-99,1,-99,705.9,157.1,127.2,108.8,100,-99,254.3,-99,374.2,5.1,61.5,31.8,307.1,98,62.6,168.2,236.7,134.2,227.8
199506,0,0,0,-99,-99,-99,-99,-99,0,0,-99,0.6,-99,-99,-99,-99,-99,-99,-99,-99,0,-99,3.5,0,11.1,0,0,-99,0.6,-99,2.1,0,2.3,0,0,15,0,0,0,0,8.6
199507,0,0,0,-99,-99,-99,-99,-99,0,0,-99,0,-99,-99,-99,-99,-99,-99,-99,-99,0,-99,21.4,0,0,0,0.5,-99,22.6,-99,7.6,0,0,0,3.5,0,3.2,0,0,1.3,49.1
199508,0,0,0,-99,-99,-99,-99,-99,0,0,-99,0,-99,-99,-99,-99,-99,-99,-99,-99,0.5,-99,258.4,32.9,18.4,21.4,39,-99,93.1,-99,106.5,0,26.8,0,-99,28.8,38.1,40.7,42.1,29.1,105.9
199509,0,0,0,-99,-99,-99,-99,-99,0,0,-99,0,-99,-99,-99,-99,-99,-99,-99,-99,0,-99,76,19.9,0,10,0,-99,14.7,-99,4.6,0,14.6,1.6,22.7,12.5,4.5,36.8,23.4,13.1,47.6
199510,0,0,0,-99,-99,-99,-99,-99,0,0,-99,19,-99,-99,-99,-99,-99,-99,-99,-99,0.9,-99,468.7,86.4,29.1,12.7,48.5,-99,173.1,-99,163.8,0,76.9,0,31.3,82.9,113.1,31.5,66.8,78.7,133.7
199511,0,0,0,-99,-99,-99,-99,-99,0,0,-99,57.2,-99,-99,-99,-99,-99,-99,-99,-99,0,-99,80.2,0,0,0,0,-99,41.7,-99,117.1,0,0,0,11.2,0,0,0,0,0.6,159.8
199512,16.7,64.9,72.8,-99,-99,-99,-99,-99,143.4,143.9,-99,-99,-99,-99,-99,-99,-99,-99,-99,-99,138,-99,77,10.3,12,44,20.5,-99,-99,-99,62.2,181.7,70.5,96.9,75.3,62.7,86.5,63.9,206.5,73.4,72.2
199601,87,186.5,200.8,-99,-99,-99,-99,-99,173.1,261.1,-99,-99,-99,-99,-99,-99,-99,-99,-99,-99,-99,-99,108.3,37.1,13.9,95.1,143.5,-99,125.4,-99,90,116.3,61.5,182.2,111.4,122.6,176.4,152.2,527.9,105,5.3
199602,215,226.1,153.5,-99,-99,-99,-99,-99,162.3,41.6,-99,-99,-99,-99,-99,-99,-99,-99,-99,-99,-99,-99,188,67.9,51.3,112,151.5,-99,235.8,-99,225.8,237.8,175.1,224.1,25.4,238.2,74.8,275.8,477.3,151.5,86.2
199603,198.6,113.7,119.7,-99,-99,-99,-99,-99,60,169.1,-99,-99,-99,-99,-99,-99,-99,-99,-99,-99,-99,-99,279.5,133.1,62.6,132.4,160,-99,190.6,-99,233.1,221.5,86.3,101.3,367.6,370.4,147,135,660.4,127.9,66.3
199604,30.7,89.2,90.4,-99,-99,-99,-99,-99,70.4,187.4,-99,-99,-99,-99,-99,-99,-99,-99,-99,-99,-99,-99,500,216,174,197.8,389.5,-99,402.3,-99,223.2,69.1,169.6,44.8,202.8,234.2,156.8,114.3,420.2,208.5,157
199605,0,1.4,0,-99,-99,-99,-99,-99,5.5,0,-99,-99,-99,-99,-99,-99,-99,-99,-99,-99,-99,-99,694,62.9,180.4,111.9,131.5,-99,211.6,-99,254.2,0.5,175.2,0.6,217.5,247.4,123.8,185.3,83.8,132,438.2
199606,0,0,0,-99,-99,-99,-99,-99,0,0,-99,-99,-99,-99,-99,-99,-99,-99,-99,-99,-99,-99,7.3,0,0,2.3,8,-99,60.3,-99,11.6,0,3.4,0,1.7,6.6,12.8,0,0,2,18.2
199607,0,0,0,-99,-99,-99,-99,-99,0,0,-99,-99,-99,-99,-99,-99,-99,-99,-99,-99,-99,-99,20,0,0,0.8,0.5,-99,75.8,-99,14.9,0,6.8,0,3.1,2.4,1.6,37.3,32.8,2.1,30
199608,0,0,0,-99,-99,-99,-99,-99,0,0,-99,-99,-99,-99,-99,-99,-99,-99,-99,-99,-99,-99,4,0,0,0,0.5,-99,26.6,-99,13.5,0,3.4,0,1.5,0,0,4.6,0,0,82.7
199609,0,0,0,-99,-99,-99,-99,-99,0.7,0,-99,-99,-99,-99,-99,-99,-99,-99,-99,-99,-99,-99,0,0,0,0,4,-99,4.5,-99,1.8,0,16,0,0,1.7,14.4,6.7,0,0,30.8
199610,0,18,0,-99,-99,-99,-99,-99,1.3,0,-99,-99,-99,-99,-99,-99,-99,-99,-99,-99,-99,-99,183.9,0,28.5,8.8,20,-99,58.6,-99,108.1,0,12.5,1.6,138.4,16.3,0,9.1,0,13.6,30.5
199611,0,0.5,0,-99,-99,-99,-99,-99,0.6,0,-99,-99,-99,-99,-99,-99,-99,-99,-99,-99,-99,-99,43.5,10.4,12,29.4,22.5,-99,40.8,-99,78.5,0,8.1,0,50.4,31.4,0,66.8,22.4,25.9,63.5
199612,103.8,48.8,60,-99,-99,-99,-99,-99,106.3,125.2,-99,-99,-99,-99,-99,-99,-99,-99,-99,-99,-99,-99,0,0,0,21.1,16,-99,35.9,-99,12.2,65.2,31.5,32.1,0,20.9,8.3,33.5,168.7,7.6,1.5
199701,139.5,164.5,-99,-99,-99,-99,-99,-99,194.3,212.5,-99,-99,-99,-99,-99,-99,-99,-99,-99,-99,-99,-99,71.2,13.2,17.1,22.3,37,-99,106.6,0,1.7,46.4,78.3,75.7,0.4,106.3,39.5,51.9,158.4,18.8,0
199702,96.3,130.4,-99,-99,-99,-99,-99,-99,75.3,113.2,-99,-99,-99,-99,-99,-99,-99,-99,-99,-99,-99,-99,27,23.6,7.1,37.3,114.5,-99,9.2,9.3,0.3,82.5,82.9,176.7,28.4,155.9,38.4,53.5,159.5,55.6,1.7
199703,52.3,79.9,2.5,-99,-99,-99,-99,-99,35.4,46.4,-99,58.4,-99,-99,-99,-99,-99,-99,-99,-99,-99,-99,588.9,162.8,58.7,137.9,178.5,-99,414.6,286,282.8,22,151.1,29.6,292.4,412.1,159.1,561.8,485.7,152.2,99.4
199704,52.6,107.7,-99,-99,-99,-99,-99,-99,80.8,59.9,-99,79.2,-99,-99,-99,-99,-99,-99,-99,-99,-99,-99,508.1,169.3,216.1,245.2,199.5,-99,293.3,72.4,167.7,32.7,214.7,74.7,146.1,289.1,253.6,82.4,557,240.5,291.3
199705,0,43.8,-99,-99,-99,-99,-99,-99,36.4,0,-99,16.7,-99,-99,-99,-99,-99,-99,-99,-99,-99,-99,163.8,46.7,58.9,47,85,-99,77.3,-99,117.4,52.6,28.1,67.2,104.5,141.6,48.1,31.6,24.9,37.3,177.2
199706,0,0,0,-99,-99,-99,-99,-99,0,1.2,-99,6.2,-99,-99,-99,-99,-99,-99,-99,-99,-99,-99,371.4,0,103.7,31.3,60,-99,123.5,53.3,154.2,0,55.8,0.5,89.5,52.7,56,31.5,149.2,39.3,128.6
199707,0,0,0,-99,-99,-99,-99,-99,0,0,-99,0,-99,-99,-99,-99,-99,-99,-99,-99,-99,-99,25.2,0,33.3,9.7,4,-99,-99,0,5.6,0,1.3,0,1.1,16.4,1.6,5.5,16.3,9.8,13.7
199708,0,0,0,-99,-99,-99,-99,-99,0,0,-99,0,-99,-99,-99,-99,-99,-99,-99,-99,-99,-99,71,10.2,7.1,0.7,9,-99,32.5,8.3,6.1,0,50.9,0,3.6,2.6,-99,0,0,2,57.3
199709,0,0,0,-99,-99,-99,-99,-99,0,0,-99,1.4,-99,-99,-99,-99,-99,-99,-99,-99,-99,-99,9,0,0,0,0.5,-99,1.2,0,2.6,0,3.8,0,2.6,2.5,1.3,14,20.2,0.9,36.7
199710,0,6.7,0,-99,-99,-99,-99,-99,0,11.9,-99,21.8,-99,-99,-99,-99,-99,-99,-99,-99,-99,-99,547.8,98.6,111.1,63.6,163.5,-99,211,39,250.8,1,81.2,1.1,275.6,196,111.4,56.4,110.9,83.6,814
199711,51.7,129.9,109.8,-99,-99,-99,-99,-99,71.6,95.9,-99,111.2,-99,-99,-99,-99,-99,-99,-99,-99,-99,-99,327.4,83.8,32.6,86.6,182.5,-99,169.9,69.4,152,92.3,168,56.4,141.2,98.4,124.9,107.2,-99,103.9,260.7
199712,-99,347.2,236.4,-99,-99,-99,-99,-99,188.2,296.3,-99,417.5,-99,-99,-99,-99,-99,-99,-99,-99,-99,-99,502.4,310.1,185.1,220.5,382,-99,-99,141.3,231,433.6,716.3,291.3,233.3,601,711.4,365.7,-99,242.3,82.4
199801,218.4,268.9,162,-99,-99,-99,-99,-99,217.2,168.2,-99,271.1,-99,-99,-99,-99,-99,-99,-99,-99,-99,-99,371.7,229.4,208.6,161.2,281.5,-99,-99,104,107.3,206.3,297.4,206,74.1,219.7,289.5,204.1,-99,226.8,183.5
199802,216.9,191.7,247.9,-99,-99,-99,-99,-99,313,214.1,-99,188.6,-99,-99,-99,-99,-99,-99,-99,-99,-99,-99,267.1,47.3,135.7,196,309,-99,357.1,56.4,123.7,73.3,126.4,163.6,85.4,217.3,185.5,164.2,-99,233.1,103.4
199803,111.5,50.6,82.7,-99,-99,-99,-99,-99,146.7,164.4,-99,153.9,-99,-99,-99,-99,-99,-99,-99,-99,-99,-99,237.6,84.9,279.1,88,58.5,-99,229.6,34.6,155.2,15.8,170.5,91.1,77.8,373.2,194.3,366.4,-99,114.8,140.4
199804,87,105.2,43.3,-99,-99,-99,-99,-99,155.5,87.1,-99,228.4,-99,-99,-99,-99,-99,-99,-99,-99,-99,-99,772.8,324.1,295.8,213.9,282.6,-99,291.2,-99,319.9,100.6,201.3,108,169.3,390.7,286.6,231,-99,216.8,564.5
199805,0,22,1.8,-99,-99,-99,-99,-99,1.2,14.6,-99,53.3,-99,-99,-99,-99,-99,-99,-99,-99,-99,-99,242.5,16.3,68.1,40.5,33,-99,144.2,-99,161.6,11.7,122.4,98.9,185.8,51.3,47,60.7,-99,47.9,223.6
199806,0,0,0,-99,-99,-99,-99,-99,0,0,-99,0,-99,-99,-99,-99,-99,-99,-99,-99,-99,-99,97,0,39.2,19.5,7,-99,27.5,-99,29.9,0,15.1,0,9.3,1,20,0,-99,26.8,58.1
199807,0,0,0,-99,-99,-99,-99,-99,0,0,-99,0,-99,-99,-99,-99,-99,-99,-99,-99,-99,-99,37,0,0,0,0.5,-99,8,-99,2.4,0,1,0,2,30.2,2.4,6.6,-99,4.4,55.6
199808,0,0,0,-99,-99,-99,-99,-99,0,0,-99,0,-99,-99,-99,-99,-99,-99,-99,-99,-99,-99,81,8.1,43.5,1.4,2.5,-99,37.6,-99,5,0,32.8,0,1.5,17.2,47.4,6.3,-99,9.9,23.3
199809,0,0,0,-99,-99,-99,-99,-99,5.7,0,-99,3.1,-99,-99,-99,-99,-99,-99,-99,-99,-99,-99,121.6,0,21.1,0.5,6.5,-99,42.6,18.9,68,0,43.8,0,32.5,43.3,49.2,40.5,-99,7.6,80.3
199810,0,0,0,3.1,2.6,-99,-99,-99,0.6,0,-99,25.5,-99,-99,-99,-99,-99,-99,-99,-99,-99,-99,51.1,17.6,14.2,10.9,18,-99,39.7,17.9,58.5,0,9.8,0,71.6,6.4,9,25.4,-99,8.2,35.4
199811,25.4,8.2,0,21.7,17.6,-99,-99,-99,3.2,31.8,-99,26,-99,-99,-99,-99,-99,-99,-99,-99,-99,-99,44.1,0,47,3.5,3.5,-99,33.6,23.3,105.7,0.7,0,0.5,67.1,9.5,-99,15.1,-99,9.9,115.4
199812,-99,78.7,1.1,27,81.8,-99,-99,-99,9.7,17.8,-99,58.7,-99,-99,-99,-99,-99,-99,-99,-99,-99,-99,0,0,21,0,0,-99,11.8,0,0,7,0,30.1,1.2,21.7,2.6,22.7,-99,2,11.9
199901,120.4,158.9,193.5,79,220.7,-99,-99,-99,53.8,116.6,-99,336,-99,-99,-99,-99,-99,-99,-99,-99,-99,-99,109.8,22.8,93,52.6,204,-99,52.7,-99,30.1,142,59.8,116.2,70.3,112.8,73.1,105.5,-99,116.1,5.5
199902,72.5,103.2,29.2,65,189.3,-99,-99,-99,93.4,104,-99,39.7,-99,-99,-99,-99,-99,-99,-99,-99,-99,-99,104,49.9,72,10.1,6,-99,48.1,-99,108.9,49.9,184.3,94.3,25.2,22.9,205.1,98.5,-99,29,8.8
199903,189.5,286.3,276.4,223.4,310.2,-99,-99,-99,189.1,295.9,-99,139.3,-99,-99,-99,-99,-99,-99,-99,-99,-99,-99,688.5,178,321,138.7,167,-99,-99,-99,222.1,223.9,299.1,185.8,130.5,353.1,285.9,158.6,-99,186.3,209.8
199904,41.2,47.3,28,47.6,134.2,-99,-99,-99,57.9,90,-99,228.6,-99,-99,-99,-99,-99,-99,-99,-99,-99,-99,454.3,118.7,327,179.1,213.5,-99,-99,-99,258.9,73.1,408.6,37.6,254.9,390.2,345.2,295.8,-99,200.7,252.8
199905,0,0,0,16,23.7,-99,-99,-99,28.1,1.5,-99,8.8,-99,-99,-99,-99,-99,-99,-99,-99,-99,-99,377.1,43.6,195,79.9,80.5,-99,-99,-99,143.4,0.1,31.7,0,136.8,85.6,57.7,72.5,-99,95.3,267.3
199906,0,0,0,0,5.7,-99,-99,-99,0,0,-99,0,-99,-99,-99,-99,-99,-99,-99,-99,-99,-99,202,17.3,74,17.3,26,-99,-99,-99,81.8,0,12.9,1,59.4,22.3,19.4,47.1,-99,26.8,149.4
199907,0,0,0,0,0,-99,-99,-99,0,0,-99,0,-99,-99,-99,-99,-99,-99,-99,-99,-99,-99,225.5,22.4,123,19.1,26.5,-99,-99,-99,60.1,0,7.3,0,15.5,10.5,9.9,0.4,-99,38.7,106.8
199908,2.9,1.8,0,0.1,20.4,-99,-99,-99,0,1.2,-99,22.3,-99,-99,-99,-99,-99,-99,-99,-99,-99,-99,124,4.2,81,15.2,5.5,-99,-99,-99,20.4,0,31.9,0,13.4,97.1,77.6,9.4,-99,21.3,110.1
199909,0,0,0,16.5,7.2,-99,-99,-99,0,0,-99,4.1,-99,-99,-99,-99,-99,-99,-99,-99,-99,-99,124.1,4.3,5,10.3,6.5,-99,-99,-99,13.5,0,32.3,0,4.1,28.6,14.1,24.4,-99,16.1,60.1
199910,0,0,0,7.8,9.2,-99,-99,-99,0,0,-99,7.5,-99,-99,-99,-99,-99,-99,-99,-99,-99,-99,83,32,28,4.4,17.5,-99,-99,-99,27.2,0,75,0,14.5,10.4,37,0,-99,11.5,71.3
199911,6.6,4.3,1,-99,33.6,-99,-99,-99,5.9,7.8,-99,29.4,-99,-99,-99,-99,-99,-99,-99,-99,-99,-99,279.1,72.2,178,27.2,55,-99,-99,-99,115,0,30.5,1,96.1,44.9,59.7,58,-99,35.7,102.7
199912,61.1,61.6,64.6,-99,50,-99,-99,-99,62.5,100.5,-99,84,-99,-99,-99,-99,-99,-99,-99,-99,-99,-99,247.7,164.3,171,69.8,131.5,-99,-99,-99,173.8,114.8,129.4,70.5,104.5,128.7,137,111.1,-99,60.9,8.6
200001,108.2,84.4,9,128.7,126.6,-99,-99,-99,64,95.8,-99,88.8,-99,-99,-99,-99,-99,-99,-99,-99,-99,-99,72.6,15.3,46,36.6,72,-99,23.1,-99,1.8,113.5,126.8,97.8,16.7,246.8,136.5,9.7,-99,68.8,0
200002,118.7,101.7,92.3,48.8,210.5,-99,-99,-99,44,84.6,-99,163.1,-99,-99,-99,-99,-99,-99,-99,-99,-99,-99,89,0,62,39.9,30,-99,65.5,-99,3.5,87.1,55.6,58.1,7.4,103.5,120,54.8,-99,37.9,0
200003,169.9,88.6,0,94,189.6,-99,-99,-99,138,115,-99,205.4,-99,-99,-99,-99,-99,-99,-99,-99,-99,-99,341.7,293.9,290,218.7,186,-99,301.8,-99,169.9,179.1,131.8,87.8,159.4,331.3,184.7,269.2,-99,207.4,112.2
200004,40.6,75.2,62,48.3,107.8,-99,-99,-99,20.3,41.8,-99,78.2,-99,-99,-99,-99,-99,-99,-99,-99,-99,-99,314,137,230,186.7,168.5,-99,302.5,-99,222.1,26,67.7,50.7,169.9,-99,91.6,83,-99,110.6,182.4
200005,0,0.1,0,0.4,21.6,-99,-99,-99,0,0,-99,25.2,-99,-99,-99,-99,-99,-99,-99,-99,-99,-99,373.2,49.4,96,29.6,40,-99,186,-99,47.6,0.4,67,58.1,52.6,195.9,65.2,126,-99,32.5,184.3
200006,0,0,0,0.1,2.2,-99,-99,-99,0,0,-99,0,-99,-99,-99,-99,-99,-99,-99,-99,-99,-99,163.1,0,95,57.1,30.5,-99,100.1,-99,126.9,0,32.1,0,71.9,25.8,17.6,2.2,-99,47.8,266.1
200007,0,0,0,0.4,0.1,-99,-99,-99,0,0,-99,0,-99,-99,-99,-99,-99,-99,-99,-99,-99,-99,33.7,10.2,35,1,0,-99,20.5,-99,29.6,0,12.1,0,14.6,11,19.8,1.4,-99,5.2,71.9
200008,0,1.2,0,0.2,0,-99,-99,-99,0,0,-99,0,-99,-99,-99,-99,-99,-99,-99,-99,-99,-99,118.8,0,52,11.4,7,-99,118.9,-99,31.1,0,17.2,0,9.7,13.1,12,2.3,-99,17.2,44.1
200009,0,0,0,0.3,0.2,-99,-99,-99,0,0,-99,3,-99,-99,-99,-99,-99,-99,-99,-99,-99,-99,18.6,0,0,0,0.5,-99,23,-99,3.2,0,10.6,0,2.3,7.6,0,8.8,-99,4.1,33.8
200010,0,0,0,0.2,2.7,-99,-99,-99,0,0,-99,63,-99,-99,-99,-99,-99,-99,-99,-99,-99,-99,11,0,15,0,0,-99,0,-99,6.2,0,0,41.9,0,0,0,4.5,-99,0,46.9
200011,122.2,170.8,87.5,67.1,141.5,-99,-99,-99,86.4,99,-99,159.9,-99,-99,-99,-99,-99,-99,-99,-99,-99,-99,256.3,57.7,107,67.2,142,-99,264.1,-99,79.2,60.7,71.1,157.1,175.8,198,0,229.8,-99,49.4,114.2
200012,218.9,149.5,156.7,164.9,291.6,-99,-99,-99,167.5,404.8,-99,231.5,-99,-99,-99,-99,-99,-99,-99,-99,-99,-99,329.5,99.9,261,170.9,226.5,-99,420.9,-99,214.2,275.2,143.9,89.9,121.4,355.2,87.6,233.8,-99,208.4,44.9
200101,252.4,250.5,127.9,-99,177,-99,-99,-99,298.5,206.2,-99,330.4,-99,-99,-99,-99,-99,-99,-99,-99,-99,-99,249.2,163.7,168,102.7,210,-99,334.3,76.2,64.5,312.5,129.9,164.7,114.2,-99,144.9,137.2,752.4,104.3,39.1
200102,80.2,141.8,95,-99,199.5,-99,-99,-99,83.9,108,-99,146.1,-99,-99,-99,-99,-99,-99,-99,-99,-99,-99,273.3,62,80,93.1,80.5,-99,8.9,44,71.3,45.4,68.3,97.4,59.4,-99,121.8,109.1,522.6,99,28.5
200103,-99,120.1,69.3,-99,162.1,-99,-99,-99,50.3,82.9,-99,123.2,-99,-99,-99,-99,-99,-99,-99,-99,-99,-99,206.2,89.3,277,109,123,-99,146.9,83.4,139,47,117.7,72.6,205.4,183.5,67.7,196.8,424.6,172.5,53.4
200104,17.4,48.7,43.5,-99,89.6,-99,-99,-99,88,30.5,-99,120.1,-99,-99,-99,-99,-99,-99,-99,-99,-99,-99,581.7,220.7,462,190.5,245,-99,234.4,91.5,296.7,85.4,201,33.6,294.9,418.6,114.6,157,-99,224.6,157.7
200105,5.7,10.5,0,-99,29.3,-99,-99,-99,0,1.2,-99,14,-99,-99,-99,-99,-99,-99,-99,-99,-99,-99,416.2,72,158,97.8,106.5,-99,281.4,71.9,162.5,0,80.9,6,110,217.3,95.4,41.1,-99,90.4,204.8
200106,0,0,0,-99,0,-99,-99,-99,0,0,-99,0,-99,-99,-99,-99,-99,-99,-99,-99,-99,-99,75,23.7,22,3.4,9.5,-99,-99,53.3,14,0,21.9,0,11.6,29,5.1,20.9,-99,4.6,122.6
200107,0,0,0,-99,1.4,-99,-99,-99,0,0,-99,0,-99,-99,-99,-99,-99,-99,-99,-99,-99,-99,16.4,0,12,3,34,-99,-99,0,19.6,0,9.4,0,0.6,10.6,5.1,18.3,-99,5.8,17.1
200108,0,0,0,-99,0.3,-99,-99,-99,0,0,-99,0,-99,-99,-99,-99,-99,-99,-99,-99,-99,-99,0,0,0,0,4,-99,-99,0,3.9,0,0,0,4.5,0,2,0,-99,0,25
200109,0,0,0,-99,4.6,-99,-99,-99,0,2.3,-99,5,-99,-99,-99,-99,-99,-99,-99,-99,-99,-99,3,0,0,0,0,-99,-99,26.1,5,0,0,4.2,0.2,-99,0,3.1,-99,0,7.2
200110,0,0,0,-99,0.1,-99,-99,-99,0,0,-99,16,-99,-99,-99,-99,-99,-99,-99,-99,-99,-99,27.7,0,12,6.2,0.5,-99,7,27.1,6.7,0,0,0,7.4,0,0,8.4,-99,11.1,24.3
200111,3,13.4,0,-99,7,-99,-99,-99,1.1,7,-99,42,-99,-99,-99,-99,-99,-99,-99,-99,-99,-99,44.3,10.3,0,0,0,-99,0,25.8,15.5,0,-99,4.4,2.2,0,0,9,-99,0,57.9
200112,181.1,178.1,105.8,-99,173.6,-99,-99,-99,93.6,122.8,-99,283.9,-99,-99,-99,-99,-99,-99,-99,-99,-99,-99,182.5,33.9,102,50.4,70,-99,240.7,36.4,82.2,103,-99,229.2,54.2,-99,257.5,91.1,-99,71.7,76.3
200201,284.9,189.9,204.8,-99,100.5,-99,-99,-99,175.3,172.9,-99,245.3,-99,-99,-99,-99,-99,-99,-99,-99,-99,-99,148.1,77,84,111.2,193.5,-99,229.4,25,81.9,255.8,268.9,168.7,103.9,293.7,210.8,200.4,428.9,35.6,41.8
200202,225.4,136,73,-99,200.2,-99,-99,-99,182.7,190.3,-99,189.2,-99,-99,-99,-99,-99,-99,-99,-99,-99,-99,74.1,139.9,66,80.7,126,-99,199.8,55.8,83.5,97.6,86.8,92,60,188.5,121.8,182.9,289.8,116.8,23.5
200203,138.7,235,142.9,-99,271.9,-99,-99,-99,176.6,78.9,-99,254,-99,-99,-99,-99,-99,-99,-99,-99,-99,-99,379.7,99.7,286,229.5,171.5,-99,788,14.3,197.2,71.3,305.9,178,257.3,-99,186.1,-99,819,187.4,94.3
200204,14.1,27.4,-99,-99,152.9,-99,-99,-99,48.1,26.7,-99,89.8,-99,-99,-99,-99,-99,-99,-99,-99,-99,-99,1397.9,227.5,507,252.7,416.5,-99,-99,0.7,569.4,4.6,328.7,20.1,422.6,376.5,335.1,422.7,673.1,264.6,312.6
200205,3.3,0,-99,-99,5.2,-99,-99,-99,1.2,0,-99,6.3,-99,-99,-99,-99,-99,-99,-99,-99,-99,-99,68.5,40.9,57,16.1,22.5,-99,-99,1.5,30.1,2.5,30.2,3.8,22.9,31.1,15.7,28,0,24.6,160.5
200206,0,0,-99,-99,1.1,-99,-99,-99,6.9,0,-99,0,-99,-99,-99,-99,-99,-99,-99,-99,-99,-99,0,0,0,0,0,-99,-99,6.7,7,0,0,0,15,17.3,0,41,55.6,1.1,16.7
200207,0,0,-99,-99,1.9,-99,-99,-99,0,0,-99,0,-99,-99,-99,-99,-99,-99,-99,-99,-99,-99,19.8,0,0,4.4,10.5,-99,9.3,33.2,32.1,0,1.6,0,23.3,23.5,10.2,1.7,14.5,4.9,47.8
200208,0,0,0,-99,4.9,-99,-99,-99,0,0,-99,0,-99,-99,-99,-99,-99,-99,-99,-99,-99,-99,160.1,8.3,12,3.7,15.5,-99,67.5,2.3,95.4,0,14.6,0,64.4,6.3,39.9,9.4,0,8.7,143.8
200209,0,0,0,-99,5.6,-99,-99,-99,0,0,-99,1.4,-99,-99,-99,-99,-99,-99,-99,-99,-99,-99,260,7.3,50,16.4,29,-99,83.1,0,30.2,0,31.1,0,21.7,31.9,26,36.8,0,13.6,168.9
200210,0,0,0.5,-99,0.6,-99,-99,-99,0,0,-99,13.1,-99,-99,-99,-99,-99,-99,-99,-99,-99,-99,273.2,28.7,131,52.5,56.5,-99,133.5,0.3,51.8,1.5,40.4,0,72.5,65.7,60.5,0,42.7,75.9,205.6
200211,0,0,48,-99,92.4,-99,-99,-99,4.8,13.9,-99,235,-99,-99,-99,-99,-99,-99,-99,-99,-99,-99,93.5,43.1,155,82.1,7.5,-99,137.9,130.6,98.9,0,46.2,4.4,69.3,64.8,50.4,-99,335.3,60.5,144.2
200212,83,132,285.5,-99,130.7,-99,-99,-99,198.6,196.7,-99,151.3,-99,-99,-99,-99,-99,-99,-99,-99,-99,-99,272.4,64.7,167,141.6,95,-99,146.3,127.1,112.5,187.5,159.6,141.4,145.6,204.9,102.4,321.1,523.9,157.1,159.2
200301,89.6,198.1,167.8,-99,-99,-99,-99,-99,178.8,142.4,-99,192.7,-99,-99,-99,-99,-99,-99,-99,-99,-99,-99,64.3,84.3,32,133.5,155,-99,130.3,175.7,20.1,90.4,141.5,156.9,10.5,147.6,40.7,43.5,408.9,63,0.6
200302,39.9,104.3,97.1,-99,-99,-99,-99,-99,40.8,78.8,-99,105.4,-99,-99,-99,-99,-99,-99,-99,-99,-99,-99,114.5,35.6,24,30,89.5,-99,135,61.6,22.2,68.2,57.5,109.6,2.2,312.6,89.6,-99,298.4,25.9,0
200303,101.9,66,41.4,-99,0,-99,-99,-99,64.4,185.4,-99,163.4,-99,-99,-99,-99,-99,-99,-99,-99,-99,-99,207.5,108,164,129.2,266.5,-99,172,158.1,122.4,51.9,189.4,58.1,41.7,263.2,175,22.7,280.7,162.3,6.1
200304,119.4,26,48.3,-99,161,-99,-99,-99,36.9,33.3,-99,123.4,-99,-99,-99,-99,-99,-99,-99,-99,-99,-99,182.9,65.3,118,43.6,52.5,-99,356.2,121.9,13.7,7.7,79.3,44,40.7,231.9,22.2,82.2,339.8,54.5,43.2
200305,0,19.3,3,-99,6.8,-99,-99,-99,4.9,0,-99,0,-99,-99,-99,-99,-99,-99,-99,-99,-99,-99,247.5,8.4,123,46.2,93.4,-99,86.5,142.6,130.8,17.8,95.1,14.3,90.5,74.2,93.1,18.9,111.9,51.2,285.8
200306,0,0,0,-99,3.2,-99,-99,-99,0,0,-99,0,-99,-99,-99,-99,-99,-99,-99,-99,-99,-99,46.1,0,20,12.5,4,-99,180.2,29.2,109.5,0,15.8,0,8.2,11.9,21.7,0,6,13.2,36.9
200307,0,0,0,-99,1.5,-99,-99,-99,0,1.2,-99,4,-99,-99,-99,-99,-99,-99,-99,-99,-99,-99,15.6,0,9,13.2,0.5,-99,27.4,1.8,26.1,0,10.2,0,1.4,24,5.7,0,0,11.4,27
200308,0,0,0,-99,4.1,-99,-99,-99,0,0,-99,0,-99,-99,-99,-99,-99,-99,-99,-99,-99,-99,20.5,0,0,1.1,1,-99,24,56.7,0.9,0,0,0,2.1,0,4.8,0,0,0,53.3
200309,0,0,0,-99,10.8,-99,-99,-99,0,0,-99,8,-99,-99,-99,-99,-99,-99,-99,-99,-99,-99,51.3,0,0,0,7,-99,53.8,0,3.5,0,16.3,0,1.5,15.8,0,8.7,21,0,39.3
200310,1.2,7.3,0,-99,-99,-99,-99,-99,3.3,11.2,-99,23.2,-99,-99,-99,-99,-99,-99,-99,-99,-99,-99,31.8,8.3,30,59.2,14,-99,34,32,22.4,76.2,14.8,13.5,24.2,8.5,7.3,0,-99,55.2,104.4
200311,16.7,2.7,0,9.9,4.9,-99,-99,-99,0,25.1,-99,49.9,-99,-99,-99,-99,-99,-99,-99,-99,-99,-99,50.2,0,25,3.1,0,-99,20,89.6,89.2,0.6,22.3,0,37.3,6.3,21.5,0,-99,5.2,86
200312,107.1,99.9,37.1,135.1,254.4,-99,-99,-99,73.5,135.9,-99,162.4,-99,-99,-99,-99,-99,-99,-99,-99,-99,-99,51,0,37,27.4,22,-99,84.2,42,24.6,172.8,67.5,93.5,30.9,109.5,51.9,88.4,-99,52.1,9.5
200401,85.3,163.6,60.8,142.9,248,-99,-99,-99,109.4,141.2,-99,203.5,-99,-99,-99,-99,-99,-99,-99,-99,-99,-99,276.2,97.7,253,142,240,-99,243.2,93.8,77.7,104.4,111.6,93.7,10.4,271.6,92.9,93.7,677.6,164.1,148
200402,159.1,105.9,-99,171.6,168,-99,-99,-99,92.7,123.4,-99,185.5,-99,-99,-99,-99,-99,-99,-99,-99,-99,-99,250.2,162.2,301,190.4,84.5,-99,391,162.4,149.8,100.7,204.2,162.2,123.4,391.6,290,-99,664.1,119.6,82.4
200403,149.7,225.1,140.5,221.6,104.2,-99,-99,-99,166.4,122.6,-99,259,-99,-99,-99,-99,-99,-99,-99,-99,-99,-99,334.1,149,308,190.3,223.5,-99,205.5,39.5,134.5,146.1,121.8,177,141.7,224.8,180.1,177.2,258.8,189,-99
200404,62.6,72.4,81.3,-99,174.3,-99,-99,-99,130.8,62.8,-99,219,-99,-99,-99,-99,-99,-99,-99,-99,-99,-99,312.5,152.2,431,238.5,302.6,-99,268,314.5,297.6,56.9,204.6,89.2,232.5,329.2,283.4,213,-99,219.4,209.2
200405,0,0,0,-99,3.3,-99,-99,-99,0,0,-99,0,-99,-99,-99,-99,-99,-99,-99,-99,-99,-99,4.2,0,0,0.3,0.5,-99,30.5,144.1,19.3,0,0,0,23.9,23.6,1.6,0,-99,0.6,46.2
200406,0,0,0,-99,12.4,-99,-99,-99,0,0,-99,0,-99,-99,-99,-99,-99,-99,-99,-99,-99,-99,95,0,33,6.5,14.5,-99,47.7,7.2,42.7,0,34.1,0,17.5,17.4,14.5,21.8,-99,13.2,118.3
200407,0,0,0,-99,0.1,-99,-99,-99,0,0,-99,0,-99,-99,-99,-99,-99,-99,-99,-99,-99,-99,14,0,0,3.8,1,-99,8,24,0.9,0,0,0,0.5,0,2.1,1.7,-99,4.2,25.8
200408,0,0,0,-99,-99,-99,-99,-99,0,0,-99,0,-99,-99,-99,-99,-99,-99,-99,-99,-99,-99,81.5,0,0,0.6,0,-99,30.5,18.3,0.6,0,12.6,0,1.5,0.7,7.5,3.9,-99,2.6,25.8
200409,0,15,0,-99,-99,-99,-99,-99,8.5,0,-99,27.5,-99,-99,-99,-99,-99,-99,-99,-99,-99,-99,24.3,0,0,0,0,-99,-99,6.8,31.1,0,0,0.7,0.8,7,6.7,1.2,-99,2.5,24.3
200410,0,3.5,0,-99,8.3,-99,-99,-99,0.8,20.2,-99,15.8,-99,-99,-99,-99,-99,-99,-99,-99,-99,-99,324.7,38,116,31.8,90,-99,-99,37.5,93.5,0,24.8,0.3,164.7,94,51.4,324.2,-99,40.9,125.4
200411,72.1,20.1,103.8,-99,49.9,-99,-99,-99,39.1,31,-99,38.1,-99,-99,-99,-99,-99,-99,-99,-99,-99,-99,254.9,75.3,90,54.4,41,-99,-99,120.1,65.5,90.4,175.9,36.1,110.5,184.4,115.8,257.8,-99,58.7,202.9
200412,276.2,130.2,137.1,-99,17.6,-99,-99,-99,126.5,332,-99,345.7,-99,-99,-99,-99,-99,-99,-99,-99,-99,-99,326.3,77.8,189,120.8,193.5,-99,-99,94.4,181.6,189.1,126.9,123.3,141.2,153.5,148.5,168.6,-99,109,104.5
200501,116.3,131.2,132.3,-99,9.3,-99,-99,-99,51.9,163.4,-99,157.7,-99,-99,-99,-99,-99,-99,-99,-99,-99,-99,44.4,32.9,45,82.8,73.5,-99,-99,73.3,154.8,26.7,92.3,187.8,24.4,176.8,-99,120.1,342.8,89.2,23.6
200502,95.7,137,48.4,-99,1.7,-99,-99,-99,22.3,52.2,-99,104.2,-99,-99,-99,-99,-99,-99,-99,-99,-99,-99,138.6,35.7,108,63,119,-99,-99,-99,38.9,58.1,49.6,135,24.2,33.4,-99,53.7,428.3,18.5,0
200503,87.1,182.2,116.2,-99,0.7,-99,-99,-99,165.1,159.2,-99,203.9,-99,-99,-99,-99,-99,-99,-99,-99,-99,-99,230.7,119.5,149,138.3,223.5,-99,-99,-99,80.2,135.5,134,84.2,80.3,254,185.9,207,-99,131.6,25.4
200504,31.1,38,11.4,-99,0.4,-99,-99,-99,14.2,14.1,-99,122.7,-99,-99,-99,-99,-99,-99,-99,-99,-99,-99,597,115.6,305,91.2,126.5,-99,-99,-99,119.4,17.2,186.7,19,172.6,-99,209.7,-99,-99,102.5,192.2
200505,0,2.8,0,-99,0,-99,-99,-99,0,5.6,-99,24.1,-99,-99,-99,-99,-99,-99,-99,-99,-99,-99,401.9,38,144,58.3,114.5,-99,-99,-99,302.6,0,47,10.6,240.5,169.6,-99,-99,-99,55.7,214.4
200506,0,0.5,0,-99,0.7,-99,-99,-99,0,0,-99,11,-99,-99,-99,-99,-99,-99,-99,-99,-99,-99,1,0,0,1.3,39,-99,-99,-99,2.8,0,1.7,0,3,51.7,5.2,4.7,-99,3.6,18.9
200507,0,0,0,-99,0.5,-99,-99,-99,0,0,-99,0,-99,-99,-99,-99,-99,-99,-99,-99,-99,-99,19.6,0,0,1.8,0,-99,-99,-99,14.9,0,2.4,0,11.2,0,0.8,0,-99,0.2,81.1
200508,0,0,0,-99,0.3,-99,-99,-99,0,0,-99,0,-99,-99,-99,-99,-99,-99,-99,-99,-99,-99,39.1,0,5,0,3.2,-99,-99,-99,13.8,0,48.9,0,10.2,1.9,30.9,7.2,-99,1.9,101.1
200509,0,0,0,-99,0.1,-99,-99,-99,0,0,-99,0,-99,-99,-99,-99,-99,-99,-99,-99,-99,-99,7.5,0,8,0,0.5,-99,-99,-99,10.5,0,0,0,2.1,1.8,0,-99,-99,1.3,15.5
200510,0,0,0,-99,0,-99,-99,-99,0,0,-99,6.8,-99,-99,-99,-99,-99,-99,-99,-99,-99,-99,52.1,0,11,5.4,3.3,-99,-99,-99,124.9,36,0,0,9.7,2.2,0,5.3,-99,6.9,55.2
200511,12.2,2.9,0,-99,1.2,-99,-99,-99,0,37.8,-99,8.3,-99,-99,-99,-99,-99,-99,-99,-99,-99,-99,203.1,30.7,5,24.3,33,-99,-99,-99,24.5,10.5,44,4,29.5,52.9,42.2,33,-99,23.3,89.9
200512,25,71.9,15.6,-99,5,-99,-99,-99,0.9,48,-99,101.4,-99,-99,-99,-99,-99,-99,-99,-99,-99,-99,2,0,9,0,2.1,-99,-99,-99,13.4,45.7,0,40.5,67.4,2.5,0,7.6,-99,12.5,3.7
200601,126.8,39.7,-99,-99,154.5,-99,-99,-99,184.2,107,-99,146.7,-99,-99,-99,-99,-99,-99,-99,-99,-99,-99,60,15.3,85,12.2,91,-99,-99,-99,6.4,35.4,12.7,52.7,72.5,71.8,12.4,61.9,-99,33.5,0.6
200602,66.2,127.2,50.4,-99,117.2,-99,-99,-99,140,113.2,-99,119.7,-99,-99,-99,-99,-99,-99,-99,-99,-99,-99,83.9,78,12,56,62,-99,-99,-99,44,123.7,70.4,115.4,19.9,243.8,170.4,170.1,-99,72.9,79.2
200603,129.6,110.2,148.7,-99,72.5,-99,-99,-99,-99,124.7,-99,141.1,-99,-99,-99,-99,-99,-99,-99,-99,-99,-99,335,144.7,265,173.8,232.2,-99,217.4,-99,243.5,182.3,175.8,70.6,181.6,124.8,213.3,182.9,-99,188.1,55.1
200604,68.4,115.2,26.3,-99,49.7,-99,-99,-99,24.1,34.3,-99,143.4,-99,-99,-99,-99,-99,-99,-99,-99,-99,-99,510.2,218.8,449,195.7,163.2,-99,269.5,-99,226.7,20.3,164.4,86.8,316.3,552.1,-99,241.6,-99,257.1,226.8
200605,26.5,16.2,0,-99,33.8,-99,-99,-99,0,6.5,-99,69.6,-99,-99,-99,-99,-99,-99,-99,-99,-99,-99,274.6,45,205,81.7,73.3,-99,255.6,-99,166.4,1.2,54.3,25,160.6,71.6,37.3,223.4,-99,71,186.2
200606,0,0.3,0,-99,0.7,-99,-99,-99,0,0,-99,0,-99,-99,-99,-99,-99,-99,-99,-99,-99,-99,406.5,38.6,106,34,40,-99,0,-99,142.9,5.5,55.8,0,92.1,87.4,37.2,92.7,-99,47.2,71.8
200607,0,0,0,-99,10.3,-99,-99,-99,0,0,-99,0,-99,-99,-99,-99,-99,-99,-99,-99,-99,-99,56.6,4.1,20,6.3,6.5,-99,64,-99,15,0,5.5,0,14.1,21.4,5.6,4.6,-99,13.1,33.8
200608,0,2.5,0,-99,1.3,-99,-99,-99,0,0,-99,8,-99,-99,-99,-99,-99,-99,-99,-99,-99,-99,107.9,0,75,18.6,17.7,-99,38,-99,6.5,0,25,0,15.3,55.8,8.6,0,-99,21.9,44.7
200609,0,0,0,-99,6.2,-99,-99,-99,0,0,-99,1.4,-99,-99,-99,-99,-99,-99,17.2,-99,-99,-99,228.7,39.6,49,14.8,30.1,-99,74,-99,23.8,2.2,9.1,0.2,10.9,28.4,27.6,10.3,-99,15.6,55.6
200610,0,0.9,0,-99,7.3,-99,-99,-99,4.5,0,-99,0,-99,-99,-99,-99,-99,-99,0,-99,-99,-99,369.2,22.3,183,66.4,24,-99,147.5,-99,78.1,1.4,97.1,0,51.7,74.2,83.5,22,-99,87.3,214.6
200611,39.8,61.7,21.8,-99,18.7,-99,-99,-99,20.5,23.5,-99,51.4,-99,-99,-99,-99,-99,-99,142.5,-99,-99,-99,444.2,129.8,231,136.6,124.1,-99,177,-99,240.9,55.5,209.7,64.5,139.4,173.7,246.3,26.1,-99,164.4,176.4
200612,257.4,296.2,216.8,-99,326.3,-99,-99,-99,227.8,305.8,-99,317.6,-99,-99,-99,-99,-99,-99,218.8,-99,-99,-99,454.8,236.1,357,275.7,154.1,-99,319.1,-99,230.4,127.2,-99,306.6,266,455.4,282.9,149.1,-99,210,149.8
200701,148.2,70.3,159,-99,-99,-99,-99,-99,203.5,198,-99,197.8,-99,-99,-99,-99,-99,-99,211.6,-99,-99,-99,115.1,98.1,20,92.8,38,-99,256.4,-99,8.5,264.9,164.1,143.4,38.5,93.3,164.9,50.4,-99,87.9,0.4
200702,107.8,110.1,119.1,-99,-99,-99,-99,-99,106.5,190.8,-99,248.4,-99,-99,-99,-99,-99,-99,151.3,-99,-99,-99,124.3,76.1,98,134.9,100.6,-99,181.5,-99,39.4,271.5,67.6,72.5,36.9,125.1,95.2,69.8,-99,114.4,0.4
200703,76.3,150.7,45.3,-99,-99,-99,-99,-99,136.2,123.2,-99,282.5,-99,-99,-99,-99,-99,-99,115.1,-99,-99,-99,304.8,152.5,162,162,332.5,-99,176,-99,201.4,52.1,124.3,152.5,124.8,350.5,126.4,216.1,-99,150.4,44.4
200704,40.7,27.9,0,-99,-99,-99,-99,-99,9.4,11.9,-99,44.1,-99,-99,-99,-99,-99,-99,32.3,-99,-99,-99,342.1,119.2,260.2,48.1,144.1,-99,228,-99,181.7,4.4,175.6,15.4,183.4,207.5,179.9,155.5,-99,156.1,221.8
200705,9.2,0,0,-99,-99,-99,-99,-99,3.8,27.5,-99,30.4,196.1,196.1,-99,-99,-99,-99,9,-99,-99,-99,327.4,118.8,137,73.5,180.7,-99,134,-99,124.2,0.3,63.6,2,70,86.4,-99,103.3,-99,97.6,584.4
200706,14.2,20.1,0,-99,-99,-99,-99,-99,0,0,-99,0,23.6,23.6,-99,-99,-99,-99,3.2,-99,-99,-99,131.5,30.5,54,32.2,53.9,-99,3,-99,16.5,0,22,0,16.7,25.8,34.1,7.3,-99,18.1,51.3
200707,0,0.9,0,-99,-99,-99,-99,-99,0,0,-99,0,20.6,20.6,-99,-99,-99,-99,0,-99,-99,-99,23.5,0,0,4.1,1.3,-99,23,-99,2,0,19.4,0,7.4,2.5,5.8,6.5,-99,7.6,24.7
200708,0,0,0,-99,-99,-99,-99,-99,0,0,-99,0,159.5,159.5,-99,-99,-99,-99,0.6,-99,-99,-99,297.5,15.3,77,14.2,20.7,-99,100,-99,26.2,0.4,47.5,0,16.5,68.5,42.4,13.5,-99,23.8,149.2
200709,0,0,0,-99,-99,-99,-99,-99,4.2,1.7,-99,0,-99,-99,-99,-99,-99,-99,0,-99,-99,-99,31,7.1,10,4,0,-99,24,-99,14.3,0,0,0,6.3,23.4,0,1.6,-99,9.4,34.8
200710,0,0.4,0,-99,-99,-99,-99,-99,0,3.4,-99,21,-99,-99,-99,-99,-99,-99,0,-99,8.6,-99,119.9,0,50,35,80.2,-99,-99,-99,70.3,0,10.1,0.1,26.9,36.6,21.6,29.3,-99,30.6,128.8
200711,7.2,12.5,0,-99,-99,-99,-99,-99,0,6.6,-99,23.9,46.3,46.3,-99,-99,-99,-99,8.4,-99,24,-99,524.6,58.9,160,100.5,124.2,-99,184,-99,113.7,7.5,63,3.3,168.5,78.3,52.8,68,-99,101.9,61
200712,210.9,81.1,100,-99,-99,-99,-99,-99,218.1,168.2,-99,224.4,296.7,296.7,-99,-99,-99,-99,203.1,-99,136.2,-99,-99,0,47,62.7,84.1,-99,88.2,-99,45.8,132.4,153.4,133.8,73.2,118.7,94.4,52.3,-99,37.9,23.3
200801,168.3,143.2,96.9,-99,-99,-99,-99,-99,51.2,349.3,-99,203.1,197.2,197.2,-99,-99,-99,-99,43,41.7,94.3,-99,76.5,12.1,83,16.6,138,-99,113.6,-99,52.3,44.5,108.2,160.4,96.3,156.4,102.2,97.9,217.5,32.6,47.9
200802,218.3,148.4,152.6,-99,-99,-99,-99,-99,194.8,441.6,-99,185.4,267.8,267.8,-99,-99,-99,-99,115.7,125.7,77.6,-99,110.8,52.9,138,90.7,262.4,-99,147,-99,56.1,159.5,271.6,204.4,42.8,373.3,105,-99,458.8,63.5,42.3
200803,128.7,146,204.7,-99,-99,-99,-99,-99,147.7,136.7,-99,277.1,376.1,376.1,-99,-99,-99,-99,188.9,175.9,142.9,-99,191.9,96.2,177,28.2,151.2,-99,199,-99,159.4,186.2,125.2,140.6,272,275.3,149.1,-99,340.7,159.2,85.9
200804,1.4,58.9,3.8,-99,-99,-99,-99,-99,82,21.8,-99,144,1019.8,1019.8,-99,-99,-99,-99,89.4,18.2,35.5,-99,1224.3,175.2,544,194.4,302.5,-99,568,-99,303.8,9.3,-99,34.2,340.2,401.8,139.5,-99,-99,299.7,133.9
200805,1.2,1.4,0,-99,-99,-99,-99,-99,4.4,2.3,-99,43.7,114.1,114.1,-99,-99,-99,-99,1,0,1,-99,122.1,26.6,93,2.2,31.8,-99,46,-99,62.4,0,72.4,0,32.2,18.4,19,-99,-99,24.7,157.8
200806,0,2,0,-99,-99,-99,-99,-99,0,0,-99,8,19,19,-99,0,0,0,0,0,0,-99,77.2,10.3,30,10.8,8,-99,124,-99,10,0,11,0,3.7,8.9,0,-99,-99,14.9,102.3
200807,0,0,0,-99,-99,-99,-99,-99,0,0,-99,0,11.9,11.9,-99,0,0,0,0,0,0,-99,13.7,0,0,2,4,-99,57,-99,6.7,0,0,0,2.2,-99,1.2,-99,-99,3.9,48.9
200808,0,0,0,-99,-99,-99,-99,-99,0,0,-99,0,18.1,18.1,-99,0,0,0,0,0,0,-99,26.5,0,0,0,0,-99,20,-99,10.4,0,11,0,12.1,3.5,9.6,-99,-99,3.5,22
200809,0,0,0,-99,-99,-99,-99,-99,1.5,4.3,-99,0,6.2,6.2,-99,0,0,0,0,0,0,-99,125.5,5.2,17,19,4.6,-99,13,-99,16.7,0,1.8,0,7.7,3.2,-99,3,-99,37.7,28.4
200810,0,18.3,0,-99,-99,-99,-99,-99,21.6,13.5,-99,78.2,48,48,-99,0.5,0,0,0,0,0.6,-99,154.5,20.5,58,36.2,21.2,-99,66,-99,95,0,18.6,7,93.6,31.9,-99,-99,-99,32,32.1
200811,33.1,17.3,21.9,-99,-99,-99,-99,-99,20.5,30.5,-99,232.4,100.3,100.3,-99,229.6,49,70.1,61.6,32,35.8,35.8,113.9,59.3,78,43.8,141.4,-99,192,-99,116.8,43.9,144.6,15.6,118.5,133.5,118.7,69.1,-99,72.9,86.2
200812,48.6,134.1,80.9,-99,-99,-99,-99,-99,92,57.4,-99,335.7,375.9,375.9,-99,93.8,52.4,18,11.1,119.3,98.4,98.4,106.2,17.3,34,40,24,-99,48,-99,11.7,103.7,93.1,110.4,48.6,71.4,131.7,-99,-99,40.6,3.9
200901,55.6,59.6,45.5,-99,-99,-99,-99,-99,101,82,-99,152.5,150.7,150.7,-99,61.1,8.5,45.7,66.8,46.4,90,90,31.7,0,52,30.3,40,-99,60,-99,17.9,100.7,36,55.4,29.1,-99,51.9,22.5,-99,44.5,2.7
200902,174.5,124.5,163.4,-99,-99,-99,-99,-99,69,227.7,-99,199.1,368.8,368.8,-99,196.9,175.5,0,193,180.7,90.4,90.4,246.4,80.7,133,107.8,-99,-99,199.5,-99,61.8,128.7,217.8,191.6,70.7,161.7,-99,130.6,-99,63.5,58
200903,197,156.6,96.7,-99,-99,-99,-99,-99,149.8,89,-99,176.2,371.3,371.3,-99,115.1,60,0,30,39.5,39.6,39.63,340,57.5,129,108.4,-99,-99,359,-99,103.8,79.8,90.1,134.9,134.6,185,107.3,98.2,-99,95.3,23.5
200904,93.1,71.7,35.8,-99,-99,-99,-99,-99,47.4,114.5,-99,180.5,420.1,420.1,-99,71.9,41.4,0,78.4,114.5,26.3,26.3,341.3,129.9,215,175,-99,-99,181,-99,240.1,98,184,111.7,113.8,181.2,-99,146.2,-99,135.4,227.5
200905,0,9.2,0,-99,-99,-99,-99,-99,10,30,-99,35.3,234.3,234.3,-99,3.7,0,0,0,0,0,0,285.8,0,119,51,-99,-99,136,-99,25.2,0,98.8,1.7,52.6,101,101,85.7,-99,68,76
200906,0,0,0,-99,-99,-99,-99,-99,0,0,-99,0,35.7,35.7,-99,0,0,0,0,0,0,0,155.2,0,32,9.2,-99,-99,7,-99,10.6,0,38.8,2.2,22.3,9.1,-99,7.4,-99,15.3,167.6
200907,0,0,0,-99,-99,-99,-99,-99,0,0,-99,0,3.5,3.5,-99,0,0,0,0,0,0,0,21.5,0,0,1.5,-99,-99,15,-99,1.4,0,0,0,1.4,0,-99,6,-99,1.8,19.4
200908,0,0,0,-99,-99,-99,-99,-99,0,0,-99,0,9.9,9.9,-99,0,0,0,0,0,0,0,36,0,0,7.2,-99,-99,59.3,-99,5.8,0,28.2,0,0.7,-99,-99,-99,-99,1.8,39.1
200909,0,0,0,-99,-99,-99,-99,-99,0,0,-99,0,1.9,1.9,-99,0,0,0,0,0,0,0,13,0,0,3.2,-99,-99,13.9,-99,2.1,0,0,0,0,0,-99,-99,-99,0,11.1
200910,0,0,0,-99,-99,-99,-99,-99,0.1,0,-99,6.2,11,11,-99,2.5,0,0,0,0,0,4.2,180.5,15.2,55,32.1,57.6,-99,57.4,-99,38.8,0,24.3,0,29.4,1.4,-99,-99,-99,37.1,209
200911,203.2,64.1,42.7,-99,-99,-99,-99,-99,68,19.1,-99,287.8,80.4,80.4,-99,53.2,35.3,76.6,103.8,91,0,57.5,135.6,26.6,79,39.1,133.8,-99,179.5,-99,18.2,36,59,63.1,25.5,16.9,-99,22.2,-99,29.1,76.7
200912,189.1,114.7,66.9,-99,-99,-99,-99,-99,129.2,140,-99,233,224.2,224.2,-99,180.3,187.6,0,-99,346.3,205.8,205.8,120,40.8,70,115.1,221,-99,98.2,-99,69.9,336.9,92.2,110.2,159.4,140.3,-99,-99,-99,90.1,134.8
201001,187.8,98.2,31.7,-99,-99,-99,-99,-99,-99,200.2,-99,484.4,192.8,192.8,-99,115.8,254,-99,-99,160.7,94.8,95.1,56.5,66.8,84,88.6,221,-99,112.2,-99,14,104,2.4,108.5,40.2,211.6,-99,-99,-99,97.3,126.6
201002,166.3,74.7,103.3,-99,-99,-99,-99,-99,-99,43.2,-99,154.6,382.9,382.9,-99,67.5,106.1,-99,-99,244.8,84.3,84.3,100.5,69,61,147.8,91.4,-99,211.4,-99,83.2,122.5,114.7,114.4,54.1,59,144.2,-99,-99,80.6,40.6
201003,48.4,161.6,78.1,-99,-99,-99,-99,-99,-99,19.1,-99,118.7,343.3,343.3,-99,151.9,206.5,-99,-99,41.3,91.7,91.7,183.5,88.3,198,79.5,214,-99,221.4,-99,167.7,39.4,133.9,64.9,70.2,243.8,-99,-99,-99,87.3,105.5
201004,21.5,26.4,28.4,-99,-99,-99,-99,-99,-99,24.5,-99,54.8,663.1,663.1,-99,10.8,14,-99,-99,0,15.4,15.7,646.2,128.5,328,150.9,279,-99,212.5,-99,362.2,4.9,316.5,19.3,255.7,231.9,281.3,-99,-99,207.1,321.7
201005,24,0,0,-99,-99,-99,-99,-99,0,0,-99,5.8,216.2,216.2,-99,2.8,0,-99,-99,0,10.4,10.4,411.1,42.7,206,51.6,171.5,-99,114,-99,119,0.2,54.7,0,141.7,52.4,54.7,75.4,-99,79.7,200.9
201006,0,0,0,-99,-99,-99,-99,-99,0,0,-99,0,50.1,50.1,-99,0,0,-99,-99,0,0,0,59,0,0,8.8,9.3,-99,36,-99,14.6,0,2.4,0,10,31.2,5.5,25,-99,6.4,62.2
201007,0,0,0,-99,-99,-99,-99,-99,0,0,-99,0,60.4,60.4,-99,0,0,-99,-99,0,0,0,18,0,0,0,6.2,20,0,-99,7.1,0,0,0,0.9,0.4,-99,-99,-99,0,3.1
201008,0,0,0,-99,-99,-99,-99,-99,0,0,-99,0,35.7,35.7,-99,0,0,-99,-99,0,0,0,10.7,0,0,0.4,0,33.2,6.1,-99,15.8,0,1.9,0,2.1,4.9,-99,0,-99,1,84.6
201009,0,0,0,-99,-99,-99,-99,-99,0,0,-99,0,6.5,6.5,-99,0,0,-99,-99,0,0,0,28.5,0,0,0,0,34.5,6.3,-99,46.2,0,1.3,0,11.4,1.6,-99,-99,-99,0,82
201010,0,16.2,0,-99,-99,-99,-99,-99,0,0,-99,0,6.1,6.1,-99,0,0,-99,-99,0,8.6,0,17.5,0,0,4.5,-99,43.6,6.3,-99,0.4,0,10.2,0,4.6,0,-99,-99,-99,4.2,46.7
201011,34.1,70.1,0,-99,-99,-99,-99,-99,0,20.8,-99,46,117.4,117.4,-99,39.8,0,-99,-99,15,5.9,5.9,133.9,0,36,8.5,-99,173.3,93,-99,48.7,6.2,5.9,5.4,59.4,16.9,-99,-99,-99,22.2,79.4
201012,142.1,81.5,130.2,-99,-99,-99,-99,-99,56.4,143.6,-99,94.3,73.6,73.6,-99,151.2,191.6,-99,-99,173.9,94.7,94.7,-99,135.4,123,-99,-99,234.9,179,-99,85.3,117.4,106.9,105.4,42,134.9,65.1,-99,-99,181.6,2.6
201101,91.7,99,59.1,-99,-99,-99,-99,-99,56,114.3,-99,55.8,73.6,73.6,-99,160.8,92.8,-99,-99,138.8,75.6,75.6,71.6,306.9,48,55.7,111.3,205.4,214.9,-99,4.1,115.5,169.8,99.5,20,66.7,-99,-99,-99,44.7,6.5
201102,185.4,94.6,35.6,-99,-99,-99,-99,-99,75.5,32.8,-99,-99,168.2,168.2,-99,63.4,98.6,-99,-99,148.2,157.9,158.2,204.8,-99,107,116.4,89.4,92.8,144,-99,103.8,63.2,144.3,103.3,25.6,367.3,111.4,174.7,-99,103.7,15.3
201103,93.6,138.2,94.1,-99,-99,-99,-99,-99,15.5,94,-99,-99,491,491,-99,187.1,62.1,-99,-99,204.4,120.3,120.6,384.5,449.1,339,121.7,288,305.7,510,-99,26.3,115.8,344.2,133,203.6,353.8,361.1,131.3,-99,117.5,28.2
201104,122.8,89.2,41.5,-99,-99,-99,-99,-99,51.8,27.3,-99,229.1,670.2,670.2,-99,104.9,49.7,-99,-99,47.9,113.4,113.4,671.4,377.3,356,132.1,-99,323.9,487.4,-99,224.4,27.9,403.8,102.2,244.2,239.3,284.9,266.8,-99,196.3,167.3
201105,0,8.3,0,-99,-99,-99,-99,-99,3,5.6,-99,-99,266.4,266.4,-99,0,49.7,-99,-99,0,8.2,8.2,274.7,237.7,224,50.3,101.7,179.9,403.1,-99,106.7,0.1,134.9,0,74.6,148.9,-99,93.2,-99,58.8,247.2
201106,0,0,0,-99,-99,-99,-99,-99,0,0,-99,-99,28,28,-99,0,0,-99,-99,0,0,0,70.8,17.3,10,4.4,-99,44.1,44.9,-99,29.7,0,5.3,0,7.4,17.3,4.7,19.5,-99,5.3,32.6
201107,0,0,0,-99,-99,-99,-99,-99,0,0,-99,-99,16.3,16.3,-99,0,0,-99,-99,0,0,0,0,0,0,0.4,2.5,20.1,5,-99,11.9,0,0.9,0,0,0.4,4.2,-99,-99,0.4,3.1
201108,0,0,0,-99,-99,-99,-99,-99,0,0,-99,-99,21.2,21.2,-99,0,0,-99,-99,0,0,0,26.5,0,18,3.8,0,24,2.3,-99,26.3,0,3.2,0,5,1.3,-99,-99,-99,5.8,22.5
201109,0,0,0,-99,-99,-99,-99,-99,0,1.8,-99,-99,82.2,82.2,-99,3.5,0,-99,-99,0,4.2,4.2,166.6,128.9,70,55.7,0,275.9,166.6,-99,54.4,0,53.6,0,41.1,51.6,-99,-99,-99,45.1,155.8
201110,0,0,0,-99,-99,-99,-99,-99,2,4.1,-99,-99,84.4,84.4,-99,0.6,0,-99,-99,0,19.9,19.9,224.9,207,100,25.5,85.1,106.2,86.5,-99,31.6,0.9,42.5,0,28.5,53.5,43.8,-99,-99,23.2,328.5
201111,21.2,41.9,42.9,-99,-99,-99,-99,-99,11.4,19,-99,-99,161.6,161.6,-99,87.5,26.8,-99,-99,32.5,15.4,15.4,181,250.8,26,35.5,52.9,137.8,195.9,-99,316.5,28.5,54.7,28.2,139.3,42.9,62.5,-99,-99,47,75
201112,198.5,217.1,347.2,335.6,-99,-99,-99,-99,262.3,94.8,-99,-99,276.3,276.3,-99,206,217.3,-99,-99,268.6,157.8,158.1,250.4,-99,200,215.4,150.2,681.6,709,-99,377.2,291.2,225.3,303.8,247.7,162.5,225.9,-99,-99,191.1,153.7
201201,177,86.9,122.2,88.8,-99,-99,-99,-99,69.7,59.5,-99,-99,238.6,238.6,-99,145.4,175.9,149,93.7,76.7,135.8,135.8,49,182.3,39,71.7,106.3,88.9,101,-99,3.2,124,81.2,76.1,7.5,175,-99,-99,-99,70.3,0
201202,81.5,90.4,39.9,115.6,-99,-99,-99,-99,18.2,19.8,-99,-99,65.1,65.1,-99,47.7,105.2,74,42.5,138,93,93,0,145.9,46,58,89.4,145.1,67.4,-99,36.4,103.4,17,73.9,30.7,107.6,-99,-99,-99,71.7,1.9
201203,46.7,68.6,59.1,66.4,-99,-99,-99,-99,103,44.6,-99,-99,352.9,352.9,-99,40.8,62.3,129.5,117.5,125,147.1,147.1,170,-99,143,69.6,85.7,344.5,263.7,-99,49.9,124.4,96.6,80.7,121.7,226.2,-99,-99,-99,59.9,28.2
201204,40.3,89,31.3,55.9,-99,-99,-99,-99,31.7,21.9,-99,-99,289.5,289.5,-99,76.2,135.7,28,70.6,74.3,40.4,40.4,70.1,-99,122,62.9,30,198.8,200.2,-99,263.5,81.9,160.3,79.3,210.1,155.5,-99,-99,-99,124.9,116.7
201205,0,1.4,0,35.1,-99,-99,-99,-99,0,8.4,-99,-99,205,205,-99,0.3,0,0,0,0,15.4,15.4,547.2,-99,286,117.1,164.7,179.9,286.5,-99,109.6,1.2,29.5,2.7,103.3,-99,-99,-99,-99,134.6,92.4
201206,0,0,0,-99,-99,-99,-99,-99,0,0,-99,-99,69.8,69.8,-99,0,0,0,0,0,0,0,44.2,31.7,102,16.2,0,54.5,112.6,-99,9.7,0,0,8.8,7.4,3.5,-99,-99,-99,23.1,53.3
201207,0,0,0,-99,-99,-99,-99,-99,0,0,-99,-99,16.2,16.2,-99,0,0,0,0,0,0,0,7,0,0,1,2.7,4.3,17,-99,3.2,0,0,0,1.1,0,-99,-99,-99,0,17.8
201208,0,0,0,-99,-99,-99,-99,-99,0,0,-99,-99,40.9,40.9,-99,0.3,0,0,0,0,0,0,119.1,18.4,0,3.9,3.4,43.1,16,-99,19.2,0,4.6,0,11.1,2.6,-99,-99,-99,9.7,79.3
201209,0,0,0,-99,-99,-99,-99,-99,0,0,-99,-99,3.9,3.9,-99,0,0,0,0,0,0,0,23,0,0,0,0,157.8,16,-99,16.3,0,0,0,5.3,0,-99,-99,-99,0,70.2
201210,0,0,0,-99,-99,-99,-99,-99,0,0,-99,0,252,252,-99,0.5,0,0,0,0,0,0,0,0,0,0,0,31.4,0.5,-99,0.8,15.8,0,24.1,3.9,37.8,0,-99,-99,0,43.9
201211,11.4,74,0,-99,-99,-99,-99,-99,55.7,53.3,-99,8.5,192,192,-99,2.7,37,35.5,34.6,32,0,0,245.6,-99,89,42.1,18.7,465.3,214.3,-99,124,15.8,65.7,38.3,37.1,68,84.4,-99,-99,76.5,101.5
201212,65.1,189.9,79.3,-99,-99,-99,-99,-99,-99,80.4,-99,222.2,181,181,-99,118.4,292.5,145.2,140.6,138.4,94.2,94.2,91.8,-99,104,23.2,49.6,199,161.7,-99,66.8,154.4,99.5,161.4,98.7,70,-99,-99,-99,76,38.7
201301,85.3,209.2,129.3,145.9,-99,-99,-99,-99,-99,120.9,-99,237.5,407.1,407.1,-99,110.8,78.9,89.4,88.6,93.5,111.3,111.3,83.3,-99,93,125.3,63.2,414.3,144.3,58.1,67.4,132.1,192,163.3,119.5,71.8,168.9,-99,-99,136.8,6.5
201302,32.2,146.2,-99,-99,-99,-99,-99,-99,-99,49.1,-99,47.8,289.4,289.4,-99,8.8,86.4,37,0,87.8,44.4,44.4,112,81.6,144,108.3,144,77.3,45.8,98.1,1.6,32.1,79.6,67.7,0.2,84.5,38.8,-99,-99,38,0
201303,55.8,121.9,63.1,-99,-99,-99,-99,-99,73.5,93,-99,289.4,842.8,842.8,-99,67.2,187.7,49.7,171,53.8,36.7,36.7,413.4,-99,264,115.9,101.1,664.8,376.4,157.5,190.2,36.5,293.3,112.6,282.3,411.5,256.7,-99,-99,86.6,256.8
201304,40,103,47.3,-99,-99,-99,-99,-99,70.5,23.2,-99,159.4,622.5,622.5,-99,81.6,160.6,30.6,52.5,85.5,43.3,43.3,253.2,-99,156,111,198.3,223.5,373.4,169.3,179,105,164.5,39.5,140.2,354.5,145.9,-99,-99,121.4,168.6
201305,0,0,0,-99,-99,-99,-99,-99,0,0,-99,0,-99,-99,-99,9.4,0,0,0,0,2.3,2.3,292.6,-99,128,51.5,52.3,189.9,222.6,114.9,85.8,1.1,84.5,0,36.6,61.9,19.5,-99,-99,22.5,166.5
201306,0,0,0,-99,29,-99,-99,-99,0,0,-99,0,10.2,10.2,-99,0,0,0,0,0,0,0,0,0,0,1,0,17.4,2.4,0,1.2,0,1,0,3.2,0,2.2,-99,-99,0.1,13.1
201307,0,0,0,-99,3,-99,-99,-99,-99,0,-99,0,21.2,21.2,-99,0,0,0,0,0,0,0,1,0,5,2.6,0,20.5,26.5,0,2.3,0,9,0,1.6,4,-99,-99,-99,1.7,20.4
201308,0,0.5,4.8,-99,-99,-99,-99,-99,-99,0,-99,0,39.9,39.9,-99,0,0,0,0,0,0,0,37.1,0,4,3.3,0,70.6,64.2,7.2,9.1,0,7.5,0,2,0,4.7,-99,-99,4.1,98.5
201309,0,0,0,-99,2.8,-99,-99,-99,0,0,-99,0,5.9,5.9,-99,0,0,0,0,0,0,0,16.5,0,0,0,2.5,31.2,38.5,14.7,19.7,0,34.7,0,0.1,64,41.4,-99,-99,0.8,28
201310,0,0,0,8.9,66.2,-99,-99,-99,0,2.6,9.8,0,77.5,77.5,-99,0,0,0,0,0,1.6,1.6,326,377.7,91,60.4,0,494,319.2,72.7,37,0,88.4,0,53,68.3,87.7,-99,-99,70.5,111
201311,50.6,21,4.8,66.2,-99,-99,-99,-99,24.6,10.2,26.8,7.5,130.9,130.9,-99,2.4,0,0,5.9,0,15.4,15.4,105.2,165.5,32,58.2,60.4,225.2,109.2,108.5,69.3,0,67.4,5.3,77.9,202.4,59.8,-99,-99,47.3,203.3
201312,152.8,140.2,9.9,132.7,-99,-99,-99,-99,79.1,99.7,333.2,74.3,225.1,225.1,-99,31.5,102.3,45,111,49.9,50.5,50.5,246.3,-99,32,26.3,99.4,280.2,107.7,120.7,69.6,87.7,64.9,99,61.1,61.1,86.9,-99,-99,22,63.9
201401,143.8,166.7,116,159.4,-99,-99,-99,-99,157.9,69.7,281.6,-99,307.8,307.8,189.7,150,95,46.8,178.5,132.3,142.7,142.7,124.5,-99,114,29.3,67.8,175,99.6,-99,0.9,162.4,126.5,194.3,10.2,261.5,77,-99,-99,56,0.7
201402,136.3,153.9,139.6,129.2,-99,-99,-99,-99,109.9,89.9,151.2,-99,222.3,222.3,248.6,71.4,42,92,107,37.9,62.5,62.5,147.3,521.8,59,65.3,58.2,106.5,157.5,90.1,80.6,28,147.4,157.7,178.7,144.9,-99,-99,-99,65,59.6
201403,135.4,199.8,73.4,207.3,-99,-99,-99,-99,81.4,100.8,209,-99,413,413,169.7,159.2,159.5,180,142.4,132.3,117.6,117.6,328.6,-99,344,299.6,204.5,359.4,582.5,176,426.3,91.5,339.8,157.1,266.6,-99,-99,-99,-99,185.7,130.8
201404,13.9,144,5.4,153.1,-99,-99,-99,-99,39.4,107.8,258.2,-99,924,924,56.5,61.2,84.7,20,11.7,34.7,48.9,48.9,862.7,-99,503,230.6,173.4,458.4,-99,162.2,449.2,20.5,264.8,79.7,432.3,-99,-99,-99,-99,231,144.1
201405,-99,0.1,0,-99,-99,-99,-99,-99,4.5,1.1,39.6,-99,226.9,226.9,0,0,7.5,0,0,0,0,0,579.9,-99,210.4,105.6,122.2,143.6,255.5,82.6,154.5,0,53.1,0,91.7,-99,67.3,-99,-99,113,286.8
201406,0,6.5,0,-99,-99,-99,-99,-99,0,0,28.3,-99,106.6,106.6,0,0,0,0,0,0,0,0,30.7,0,17,14.7,12.3,92.9,0,5.2,4.2,0,16.5,3.1,5.9,-99,-99,-99,-99,24,56.1
201407,0,-99,-99,-99,-99,-99,-99,-99,-99,0,17.9,-99,52.9,52.9,0,0,0,0,0,0,0,0,16.2,46.3,12,7.3,0,27,41.4,0,7.9,0,0,0,0.8,-99,0,-99,-99,13,59.5
201408,0,-99,-99,-99,-99,-99,-99,-99,-99,0,-99,-99,40.9,40.9,0,0,0,0,0,0,0,4.7,53.2,-99,5,6.5,0,115.8,50.3,3.2,0.5,0,58.4,0,6.7,-99,14.5,-99,-99,10.8,94.3
201409,0,-99,-99,-99,-99,-99,-99,-99,-99,0,-99,-99,51,51,0,0,0,0,0,2.1,3,3,151.3,6.3,71,12.5,38.9,91.3,172.7,59,60.8,1.8,56.4,0,32.7,-99,-99,-99,-99,9.1,21.5
201410,0,-99,-99,-99,-99,-99,-99,-99,-99,5,-99,-99,97.9,97.9,0,0,22.3,15,22.3,13.5,0,0,183.3,57.6,102,86,26,495.2,62.4,33.8,20.1,3.9,26.4,11.7,4.6,-99,-99,-99,-99,87.4,104.4
201411,31.3,-99,-99,-99,-99,-99,-99,-99,-99,55.7,-99,-99,86.3,86.3,21,6.9,21.7,0,21.7,9.9,1.8,0,154.4,57.6,49,35.6,43.5,421.7,129.1,119.6,33.9,59.5,121.8,70.3,40,-99,-99,-99,-99,43.6,142.9
201412,77.1,-99,-99,-99,-99,-99,-99,-99,79.7,56.4,-99,-99,126.8,126.8,109.6,158.1,201,25,131,169.2,107.7,110.1,79.4,109.2,79,42.9,129.9,364,313.3,184.5,40,122.1,207.3,223.3,105.3,-99,144.5,-99,-99,155.2,64.6
201501,179.4,-99,-99,-99,-99,-99,-99,-99,183.8,154,-99,-99,-99,-99,86.7,110.4,140.9,223.5,132.6,41.5,99.2,99.2,136.8,31.7,76,147.8,147.9,80.8,188.5,78.6,50.1,64.2,70.8,121.2,75.9,174.4,85.3,-99,-99,87.6,1.2
201502,83.8,-99,-99,-99,-99,-99,-99,-99,-99,53,-99,-99,93.4,93.4,27,34.1,26.1,55.5,26.1,42.4,123.4,123.1,19.5,46.4,11,11.6,13,95.2,79.1,67.5,0.8,46,159.2,111.5,10.4,78.7,-99,-99,-99,32.7,60
201503,-99,-99,-99,-99,-99,-99,-99,-99,67,125.1,-99,-99,435.3,435.3,132.8,70.1,113.6,313.4,113.6,18.1,50.9,223.5,325.2,219.3,273,137,166.7,415.7,182,222.71,226.2,10.9,258.7,68.6,222.3,299.1,-99,-99,-99,138,170.3
201504,45.9,-99,67.6,-99,-99,-99,-99,-99,91.2,58.8,-99,-99,367.9,367.9,125.2,102.9,116,125.5,116,30.8,56.3,125.5,376.1,87.2,132,123.6,157.3,251.8,284,104.8,161,46.9,87.6,60.8,195.1,376.7,-99,-99,-99,128.5,218.6
201505,5.9,-99,0,-99,-99,-99,-99,-99,9.3,0,131.7,-99,145.1,145.1,31,14.6,80.7,0,80.7,35.8,4.6,0,284.9,175,184,85.3,126.5,293.5,309.7,87.8,342.5,30.1,49.8,11.2,256.6,75,46.9,-99,-99,92.2,293.1
201506,0,-99,0,-99,-99,-99,-99,-99,0,0,-99,-99,2.2,2.2,0,0,0,0,0,0,0,0,7,6.3,0,4.5,3.7,10.9,18.4,4.1,3.5,0,13.8,0,5.3,5.7,0,-99,-99,0,33.6
201507,0,-99,0,-99,-99,-99,-99,-99,0,0,3.3,-99,18.4,18.4,0,0,0,0,0,0,0,0,102.5,0,25,7.9,3.2,99.7,125.8,15.3,8.7,0,59.3,0,12.3,0,38.8,-99,-99,16.7,111.2
201508,0,-99,-99,-99,-99,-99,-99,-99,0,0,-99,-99,23.1,23.1,0,0,0,0,0,0,0,0,76.2,0,4,0,0,59.3,92.3,3.05,20.9,0,7.1,0,12.1,7,-99,-99,-99,5.6,98.7
201509,0,-99,-99,-99,-99,-99,-99,-99,0,0,0,-99,9,9,0,0,0,0,0,0,0,0,6,0,0,0.2,2.7,12.3,1,0,11,0,2.3,0,0.1,0,-99,-99,-99,0.6,126.4
201510,0,-99,0,-99,-99,-99,-99,-99,0,0,-99,-99,15,15,0,0,0,15,0,0,0,0,32.1,12.1,15,19.3,0,208.6,234,0,15.5,0,5.4,0.6,7,4.3,0,-99,-99,11.8,70.4
201511,36.2,-99,-99,-99,-99,-99,-99,-99,26,20.9,-99,-99,208.9,208.9,17.3,73.2,209.8,0,209.8,48.7,35.3,0,290,127.1,231,82.1,140.8,1000.7,199.5,81.3,132.6,66.9,173.9,87.9,98.5,117.4,-99,-99,-99,75.3,367.6
201512,115.6,-99,-99,-99,-99,-99,-99,-99,137,62.7,-99,-99,82.9,82.9,120.7,79.1,188,86.6,188,128.1,95.9,86.6,115.2,48.5,111,78.2,62.8,187.4,94.4,155.95,66.1,187.2,41.3,124,5.7,164.7,-99,-99,-99,73.9,68.5
201601,337,-99,181.3,-99,353.7,-99,234.6,-99,321.3,91.4,332.9,-99,349.5,349.5,656.8,326.6,99.5,269,99.5,226.9,162.9,310.5,210.1,180.9,116,138.7,142.8,665.9,290.8,207.2,-99,-99,-99,-99,-99,-99,-99,-99,-99,-99,-99
201602,-99,-99,133.8,-99,173.2,-99,175.9,-99,138.2,-99,493.5,-99,202.1,202.1,110.8,106.5,95.3,105.9,95.3,127.4,126,64.4,157.6,149.3,68,104.3,158.2,171,334.5,54.6,-99,-99,-99,-99,-99,-99,-99,-99,-99,-99,-99
201603,81.4,-99,6.2,-99,296.4,-99,91.1,-99,11.9,39.8,417.3,-99,171.1,171.1,-99,40.6,99.2,-99,99.2,110.4,47,494.6,177.6,133.4,205,128.2,29.7,379.1,59,34,-99,-99,-99,-99,-99,-99,-99,-99,-99,-99,-99
201604,76.9,-99,140.2,-99,336.9,-99,81,-99,154.1,28.3,332.7,-99,515.2,515.2,-99,171.6,251.9,297,251.9,107.2,124.4,-99,750.8,176.3,425,277,284.1,320.5,666.5,327.6,-99,-99,-99,-99,-99,-99,-99,-99,-99,-99,-99
201605,0,-99,0,0,63.2,-99,0,-99,0,0,21.6,-99,104.6,104.6,-99,0,80.7,44,0,0,3.5,-99,82,50.8,22,20.3,20.4,100.7,40.9,48.7,-99,-99,-99,-99,-99,-99,-99,-99,-99,-99,-99
201606,0,-99,0,0,0,-99,0,-99,0,0,49.5,-99,13.3,13.3,0,0,0,0,0,0,0,-99,124.3,0,5,46.3,43.4,87,82.2,51.6,-99,-99,-99,-99,-99,-99,-99,-99,-99,-99,-99
201607,0,-99,0,0,0,-99,0,-99,0,0,0,-99,0,0,0,0,0,0,0,0,0,-99,14,16.3,92,35,5.3,33.4,8,0,-99,-99,-99,-99,-99,-99,-99,-99,-99,-99,-99
201608,0,-99,0,0,0,-99,0,-99,0,0,0,-99,14.3,14.3,0,0,0,0,0,0,0,-99,17.1,0,13,5.4,0,21.1,11.1,0,-99,-99,-99,-99,-99,-99,-99,-99,-99,-99,-99
201609,0,-99,0,-99,0,-99,0,-99,0,0,10.3,-99,10.3,10.3,0,0,0,0,0,0,0,-99,1,0,0,0,2.5,97.3,60.7,0,-99,-99,-99,-99,-99,-99,-99,-99,-99,-99,-99
201610,-99,-99,0,0,0,-99,0,-99,-99,0,8.6,-99,8.6,8.6,0,0,0,15,0,0,0,-99,14,7.2,2,3.5,0,44.1,0,0,-99,-99,-99,-99,-99,-99,-99,-99,-99,-99,-99
201611,-99,0,0,40.8,11.3,1.1,0,-99,-99,-99,13.1,-99,13.1,13.1,0,0.3,0,0,0,0,-99,-99,193.3,21.2,29,27.4,6,487.8,142.4,5.52,-99,-99,-99,-99,-99,-99,-99,-99,-99,-99,-99
201612,-99,144.2,20.1,53,54.6,23.5,19.4,-99,-99,-99,17.5,-99,21.4,21.4,0,20.9,13.1,25,28.5,12.6,-99,-99,58.1,46.4,0,10.3,60.2,400.8,86.3,7.1,-99,-99,-99,-99,-99,-99,-99,-99,-99,-99,-99
201701,-99,139.1,138.8,75.9,194.2,138.8,60.3,145.1,75.9,-99,277.8,-99,75.9,75.9,17.3,65.5,120,190,126.3,94.7,-99,-99,86.4,58,11,23.5,36.4,265.6,40.9,11.5,-99,-99,-99,-99,-99,-99,-99,-99,-99,-99,-99
201702,-99,204.3,2.8,160.5,189.2,230.8,171.3,177.06,160.5,-99,-99,-99,195.3,195.3,215.6,83,153.6,133,26.2,206,-99,-99,198.8,58.1,0,51.8,126.3,303.4,122.7,0,-99,-99,-99,-99,-99,-99,-99,-99,-99,-99,-99
201703,200,-99,162.6,144,314.3,335.9,222.2,204.13,71.2,-99,372.3,-99,391.7,391.7,107.6,141.1,179.8,197.9,36.4,103.2,-99,-99,103.6,99.1,162,97.8,352.5,315.1,514.6,-99,-99,-99,-99,-99,-99,-99,-99,-99,-99,-99,-99
201704,52.5,75.7,10,75.7,107.2,392.55,58.5,65.1,65.5,-99,147.4,-99,776.8,776.8,39.6,36.2,22.1,36.2,27.5,3.7,-99,-99,847.2,240.31,788,279.6,197.3,555.41,336.8,-99,-99,-99,-99,-99,-99,-99,-99,-99,-99,-99,-99
201705,0,5.5,0,0,39.2,185.4,0,2.7,3.2,-99,100.5,-99,347.5,347.5,8.2,6.2,27.4,4.1,0,0,-99,-99,597.9,100.6,804,123.3,196.9,308.5,179.8,-99,-99,-99,-99,-99,-99,-99,-99,-99,-99,-99,-99
201706,0,0,0,0,-99,11.7,0,0,0,-99,7.7,-99,21.6,21.6,0,0,0,0,0,0,-99,-99,62.6,45,43,31.3,34,35.5,51.9,-99,-99,-99,-99,-99,-99,-99,-99,-99,-99,-99,-99
201707,0,0,0,0,-99,0,0,0,0,-99,0.8,-99,0,0,0,0,0,0,0,0,-99,-99,0,0,0,3.8,0,0,16.5,-99,-99,-99,-99,-99,-99,-99,-99,-99,-99,-99,-99
201708,0,0,0,0,-99,22.6,0,0,0,-99,0,-99,0,0,0,0,0,0,0,0,-99,-99,17.2,0,47,29.4,1.7,2.5,76.7,-99,-99,-99,-99,-99,-99,-99,-99,-99,-99,-99,-99
201709,0,0,0,0,0,0,0,0,0,-99,0.7,-99,8.9,8.9,0,0,0,0,0,0,-99,-99,62.5,8.3,8,7.9,2.5,69.9,23.3,-99,-99,-99,-99,-99,-99,-99,-99,-99,-99,-99,-99
201710,0,1.6,0,0,7.5,10.1,0,3.2,0,-99,0,-99,28.7,28.7,0,0,0,0,7.4,0,-99,-99,138.9,24.6,0,24.7,-99,379.5,70.7,-99,-99,-99,-99,-99,-99,-99,-99,-99,-99,-99,-99
201711,-99,13.5,12.8,0,44.7,34.7,3.2,76.89,2.5,-99,42.5,-99,-99,-99,0,34.2,0,0,21.5,20,-99,-99,176.9,63,0,36.6,-99,226.9,116.4,-99,-99,-99,-99,-99,-99,-99,-99,-99,-99,-99,-99
201712,-99,87.3,20.5,46,183.6,178.1,71.9,168.03,68.3,128.2,136.1,-99,336.2,336.2,7,24.4,30.5,183.7,146.4,8.6,-99,-99,144.3,37.8,25,18.3,-99,269.4,-99,-99,-99,-99,-99,-99,-99,-99,-99,-99,-99,-99,-99
201801,167.3,169,277.4,228.2,418.3,273.8,111.6,178.2,193.6,185.2,491.9,-99,288.7,288.7,347.9,266.7,416.3,281.6,185.9,320.2,-99,-99,321.9,114.1,14,175,-99,236.9,-99,-99,-99,-99,-99,-99,-99,-99,-99,-99,-99,-99,-99
201802,121,69,13.1,39,165.6,53.8,117.3,136.3,27.6,91.4,129,-99,62,62,5,-99,0,37.7,0,13.2,-99,-99,14.7,22.3,24,1.2,-99,54.2,-99,-99,-99,-99,-99,-99,-99,-99,-99,-99,-99,-99,-99
201803,151.9,284.7,225.5,315.8,264.2,99.5,-99,155.1,105.9,148,214.2,-99,288.3,288.3,1000,-99,-99,219,289.3,235.4,-99,-99,240.3,237.3,564,227.9,-99,307.3,-99,-99,-99,-99,-99,-99,-99,-99,-99,-99,-99,-99,-99
201804,50.7,34.9,126.9,90.8,296,244.9,-99,89.92,77.1,29.7,154.1,-99,442,442,108.7,-99,-99,186.9,-99,28.9,-99,-99,360.7,254.6,123,229.3,-99,440,-99,-99,-99,-99,-99,-99,-99,-99,-99,-99,-99,-99,-99
201805,-99,0,0,33,-99,136.3,-99,1.8,2.5,8.7,-99,-99,243.6,243.6,16.2,-99,-99,20,-99,0,-99,-99,201.2,68.7,23,138,-99,213.6,-99,-99,-99,-99,-99,-99,-99,-99,-99,-99,-99,-99,-99
201806,-99,-99,0,0,-99,0,-99,0,0,0,-99,-99,0,0,0,-99,-99,0,-99,0,-99,-99,18.9,0,4,16.7,-99,65.8,-99,-99,-99,-99,-99,-99,-99,-99,-99,-99,-99,-99,-99
201807,-99,-99,0,0,-99,3.3,-99,0,0,0,4.7,-99,9.7,9.7,0,-99,-99,0,-99,0,-99,-99,80.1,11.1,2,33.8,-99,151,-99,-99,-99,-99,-99,-99,-99,-99,-99,-99,-99,-99,-99
201808,-99,0,0,0,-99,0,-99,0,0,0,0,-99,0.4,0.4,0,-99,-99,0,-99,0,-99,-99,20.8,0,0,0.2,-99,81.9,-99,-99,-99,-99,-99,-99,-99,-99,-99,-99,-99,-99,-99
201809,-99,-99,0,0,-99,53.55,-99,0,0,0,8.6,-99,73.4,73.4,0,-99,-99,0,-99,0,-99,-99,119.3,11.4,14,3.8,-99,221.81,-99,-99,-99,-99,-99,-99,-99,-99,-99,-99,-99,-99,-99
201810,-99,-99,0,0,-99,19.3,-99,4.5,61,0,-99,-99,38.7,38.7,0,-99,-99,0,-99,0,-99,-99,156.6,24.6,119,28.6,-99,269.4,-99,-99,-99,-99,-99,-99,-99,-99,-99,-99,-99,-99,-99
201811,-99,-99,18.3,23,-99,14.4,-99,95,73.7,34.6,45.9,-99,32.1,32.1,0,-99,-99,0,-99,3.4,-99,-99,66.7,22.4,0,53.1,-99,430.1,-99,-99,-99,-99,-99,-99,-99,-99,-99,-99,-99,-99,-99
201812,-99,-99,139,82,-99,185.6,-99,173.3,203.5,17.2,192.7,-99,296.9,296.9,53.7,-99,-99,0,-99,171.6,-99,-99,120.6,34.5,-99,3.7,-99,337.9,-99,-99,-99,-99,-99,-99,-99,-99,-99,-99,-99,-99,-99
